isin_prefix,company_name,nsdl_issuer,match_method,score
INE002A,Reliance Industries Limited,RELIANCE INDUSTRIES LIMITED,exact,100.0
INE002L,SJVN Limited,SJVN LIMITED,exact,100.0
INE002Z,Welspun Aunta-Simaria Project Private Limited,WELSPUN AUNTA-SIMARIA PROJECT PRIVATE LIMITED,exact,100.0
INE004H,Sri Chamundeswari Sugars Limited,SRI CHAMUNDESWARI SUGARS LIMITED,exact,100.0
INE004T,Vena Energy Fatanpur Power Private Limited,VENA ENERGY FATANPUR POWER PRIVATE LIMITED,exact,100.0
INE006S,Cybercity Builders & Developers Private Limited,CYBERCITY BUILDERS AND DEVELOPERS PVT LIMITED,exact,100.0
INE007N,Fedbank Financial Services Limited,FEDBANK FINANCIAL SERVICES LIMITED,exact,100.0
INE008A,IDBI Bank Limited,IDBI BANK LIMITED,exact,100.0
INE009J,Mahan Energen Limited,MAHAN ENERGEN LIMITED,exact,100.0
INE00GO,Leap India Limited (Formerly Leap India Private Limited),LEAP INDIA LIMITED,exact,100.0
INE00HO,Muthoot Money Limited,MUTHOOT MONEY LTD,exact,100.0
INE00HY,Rohan Landscape Private Limited,ROHAN LANDSCAPE PRIVATE LIMITED,exact,100.0
INE00IP,Munjal Hospitality Private Limited,MUNJAL HOSPITALITY PRIVATE LIMITED,exact,100.0
INE00OV,Acme Sidlaghatta Solar Energy Private Limited,ACME SIDLAGHATTA SOLAR ENERGY PRIVATE LIMITED,exact,100.0
INE00Q5,Avaada Solar Energy Private Limited,AVAADA SOLAR ENERGY PRIVATE LIMITED,exact,100.0
INE00QR,AMPSolar Projects Private Limited,AMPSOLAR PROJECTS PRIVATE LIMITED,exact,100.0
INE00QS,Indore Municipal Corporation,INDORE MUNICIPAL CORPORATION,exact,100.0
INE00RH,Solairepro Urja Private Limited,SOLAIREPRO URJA PRIVATE LIMITED,exact,100.0
INE00S4,Fourth Partner Energy Private Limited,FOURTH PARTNER ENERGY PRIVATE LIMITED,exact,100.0
INE00UW,Chartered Speed Limited,CHARTERED SPEED LIMITED,exact,100.0
INE00V2,John Deere Financial India Private Limited,JOHN DEERE FINANCIAL INDIA PRIVATE LIMITED,exact,100.0
INE00VD,Infinity Fincorp Solutions Private Limited,INFINITY FINCORP SOLUTIONS PRIVATE LIMITED,exact,100.0
INE00WL,Ampin Energy Transition Private Limited (Formerly known as Amp Energy India Private Limited),AMPIN ENERGY TRANSITION PRIVATE LIMITED,exact,100.0
INE00WQ,GENTARI RENEWABLES FINNSURYA ENERGY PRIVATE LIMITED (formerly Fortum FinnSurya Energy Private Limited),GENTARI RENEWABLES FINNSURYA ENERGY PRIVATE LIMITED,exact,100.0
INE00XE,Muthoot Vehicle and Asset Finance Limited,MUTHOOT VEHICLE & ASSET FINANCE LIMITED,exact,100.0
INE00XU,Kushtagi Solar Power Private Limited,KUSHTAGI SOLAR POWER PRIVATE LIMITED,exact,100.0
INE00ZK,Khairatunda Barwa Adda Road Limited,KHAIRATUNDA BARWA ADDA ROAD LIMITED,exact,100.0
INE00ZM,Ankleshwar Manubar Expressway Private Limited,ANKLESHWAR MANUBAR EXPRESSWAY PRIVATE LIMITED,exact,100.0
INE010A,Prism Johnson Limited,PRISM JOHNSON LIMITED,exact,100.0
INE012I,JM Financial Services Limited,JM FINANCIAL SERVICES LIMITED,exact,100.0
INE012X,Indran Logistics Park Private Limited,INDRAN LOGISTICS PARK PRIVATE LIMITED,exact,100.0
INE013P,OneSource Specialty Pharma Limited,ONESOURCE SPECIALTY PHARMA LIMITED,exact,100.0
INE013U,Globe Fincap Limited,GLOBE FINCAP LIMITED,exact,100.0
INE015L,Edelweiss Asset Reconstruction Company Limited,EDELWEISS ASSET RECONSTRUCTION CO. LTD,exact,100.0
INE016A,Dabur India Limited,DABUR INDIA LIMITED,exact,100.0
INE016P,Vistaar Financial Services Pvt Ltd,VISTAAR FINANCIAL SERVICES PRIVATE LIMITED,exact,100.0
INE017A,The Great Eastern Shipping Company Limited,THE GREAT EASTERN SHIPPING COMPANY LIMITED,exact,100.0
INE018A,Larsen & Toubro Limited,LARSEN AND TOUBRO LIMITED,exact,100.0
INE018E,SBI Cards and Payment Services Limited,SBI CARDS AND PAYMENT SERVICES LIMITED,exact,100.0
INE018P,Ujjawala Power Private Limited,UJJAWALA POWER PRIVATE LIMITED,exact,100.0
INE018V,Vena Energy Solar India Power Resources Private Limited,VENA ENERGY SOLAR INDIA POWER RESOURCES PRIVATE LIMITED,exact,100.0
INE019A,JSW Steel Limited,JSW STEEL LIMITED,exact,100.0
INE01A2,JM Financial Home Loans Limited,JM FINANCIAL HOME LOANS LIMITED,exact,100.0
INE01CM,Radial IT Park Private Limited,RADIAL IT PARK PRIVATE LIMITED,exact,100.0
INE01D3,Solarcraft Kudligi Private Limited (Formerly Acme Kudligi Solar Energy Private Limited),SOLARCRAFT KUDLIGI PRIVATE LIMITED,exact,100.0
INE01DA,Ghatampur Transmission Limited,GHATAMPUR TRANSMISSION LIMITED,exact,100.0
INE01DF,Verdant Renewables Private Limited,VERDANT RENEWABLES PRIVATE LIMITED,exact,100.0
INE01E7,Andhra Pradesh Capital Region Development Authority,ANDHRA PRADESH CAPITAL REGION DEVELOPMENT AUTHORITY,exact,100.0
INE01EI,CONTINUUM POWER TRADING (TN) PRIVATE LIMITED,CONTINUUM POWER TRADING (TN) PRIVATE LIMITED,exact,100.0
INE01GA,DBS Bank India Limited,DBS BANK INDIA LIMITED,exact,100.0
INE01HV,Vivriti Capital Limited,VIVRITI CAPITAL LIMITED,exact,100.0
INE01I5,KLM Axiva Finvest Limited,KLM AXIVA FINVEST LIMITED,exact,100.0
INE01I6,ANKAPALLI TOLLWAY PRIVATE LIMITED,ANKAPALLI TOLLWAY PRIVATE LIMITED,exact,100.0
INE01I7,Bamanbore Tollway Private Limited,BAMANBORE TOLLWAY PRIVATE LIMITED,exact,100.0
INE01I8,DIWANCHERUVU TOLLWAY PRIVATE LIMITED,DIWANCHERUVU TOLLWAY PRIVATE LIMITED,exact,100.0
INE01I9,GARAMORE TOLLWAY PRIVATE LIMITED,GARAMORE TOLLWAY PRIVATE LIMITED,exact,100.0
INE01IA,ICCHAPURAM TOLLWAY PRIVATE LIMITED,ICCHAPURAM TOLLWAY PRIVATE LIMITED,exact,100.0
INE01IB,Puintola Tollway Private Limited,PUINTOLA TOLLWAY PRIVATE LIMITED,exact,100.0
INE01IC,Porbandar Jetpur Tollway Private Limited,PORBANDAR JETPUR TOLLWAY PRIVATE LIMITED,exact,100.0
INE01IE,Diwantham Tollway Private Limited,DIWANTHAM TOLLWAY PRIVATE LIMITED,exact,100.0
INE01J2,Azure Power Forty Three Private Limited,AZURE POWER FORTY THREE PRIVATE LIMITED,exact,100.0
INE01JC,AMPSolar Generation Private Limited,AMPSOLAR GENERATION PRIVATE LIMITED,exact,100.0
INE01JR,Adyah Solar Energy Private Limited,ADYAH SOLAR ENERGY PRIVATE LIMITED,exact,100.0
INE01MM,SBI General Insurance Company Limited,SBI GENERAL INSURANCE COMPANY LIMITED,exact,100.0
INE01OD,ACME Chittorgarh Solar Energy Private Limited,ACME CHITTORGARH SOLAR ENERGY PRIVATE LIMITED,exact,100.0
INE01QP,Aditya Birla Renewables Limited,ADITYA BIRLA RENEWABLES LIMITED,exact,100.0
INE01R5,VIKRAN ENGINEERING LIMITED (FORMERLY VIKRAN ENGINEERING & EXIM PVT. LTD),VIKRAN ENGINEERING LIMITED,exact,100.0
INE01RV,KABINI RENEWABLES PRIVATE LIMITED,KABINI RENEWABLES PRIVATE LIMITED,exact,100.0
INE01TY,Canara HSBC Life Insurance Company Limited,CANARA HSBC LIFE INSURANCE COMPANY LIMITED,exact,100.0
INE01VI,Swan LNG Private Limited,SWAN LNG PRIVATE LIMITED,exact,100.0
INE01WN,Motilal Oswal Finvest Limited,MOTILAL OSWAL FINVEST LIMITED,exact,100.0
INE01XG,Hyderabad MSW Energy Solutions Private Limited,HYDERABAD MSW ENERGY SOLUTIONS PRIVATE LIMITED,exact,100.0
INE01XO,IFL Finance Limited,IFL FINANCE LIMITED,exact,100.0
INE01XS,Amplus Sunshine Private Limited,AMPLUS SUNSHINE PRIVATE LIMITED,exact,100.0
INE01XX,Pipeline Infrastructure Limited,PIPELINE INFRASTRUCTURE LIMITED,exact,100.0
INE01YL,Earlysalary Services Pvt. Ltd.,EARLYSALARY SERVICES PRIVATE LIMITED,exact,100.0
INE020B,REC Limited,REC LIMITED,exact,100.0
INE021Y,Sowparnika Projects And Infrastructure Private Limited,SOWPARNIKA PROJECTS AND INFRASTRUCTURE PRIVATE LIMITED,exact,100.0
INE0272,BOBCARD Limited(Formerly BOB Financial Solutions Limited),BOBCARD LIMITED,exact,100.0
INE027A,Rashtriya Chemicals and Fertilizers Limited,RASHTRIYA CHEMICALS AND FERTILIZERS LIMITED,exact,100.0
INE027E,L&T Finance Limited (formerly L&T Finance Holdings Limited),L&T FINANCE LIMITED,exact,100.0
INE028A,Bank of Baroda,BANK OF BARODA,exact,100.0
INE028U,Jana Capital Limited,JANA CAPITAL LIMITED,exact,100.0
INE02AS,Bilaspur Pathrapali Road Private Limited,BILASPUR PATHRAPALI ROAD LIMITED,exact,100.0
INE02AT,SEPL Energy Private Limited,SEPL ENERGY PRIVATE LIMITED,exact,100.0
INE02B7,IAC International Automotive India Private Limited,IAC INTERNATIONAL AUTOMOTIVE INDIA PRIVATE LIMITED,exact,100.0
INE02E1,Aryadhan Financial Solutions Private Limited,ARYADHAN FINANCIAL SOLUTIONS PRIVATE LIMITED,exact,100.0
INE02EM,Wonder Home Finance Limited,WONDER HOME FINANCE LIMITED,exact,100.0
INE02FD,TIRUNVELI SOLAR PROJECT PRIVATE LIMITED,TIRUNVELI SOLAR PROJECT PRIVATE LIMITED,exact,100.0
INE02JD,Godrej Housing Finance Limited,GODREJ HOUSING FINANCE LIMITED,exact,100.0
INE02KB,Insight Mall Developers Private Limited,INSIGHT MALL DEVELOPERS PVT LTD,exact,100.0
INE02LG,APITORIA PHARMA PRIVATE LIMITED,APITORIA PHARMA PVT LTD,exact,100.0
INE02PE,JTPM Metal Traders Limited,JTPM METAL TRADERS LIMITED,exact,100.0
INE02QN,Digamber Capfin Limited,DIGAMBER CAPFIN LIMITED,exact,100.0
INE02QZ,Raidurgam Developers Limited,RAIDURGAM DEVELOPERS LTD,exact,100.0
INE02TC,PKF Finance Limited,PKF FINANCE LIMITED,exact,100.0
INE02UF,Kanoria Sugar and General Manufacturing Company Limited,KANORIA SUGAR AND GENERAL MANUFACTURING COMPANY LIMITED,exact,100.0
INE02V3,ACME Phalodi Solar Energy Private Limited,ACME PHALODI SOLAR ENERGY PRIVATE LIMITED,exact,100.0
INE02VP,IKF Home Finance Limited,IKF HOME FINANCE LIMITED,exact,100.0
INE02YC,Satin Housing Finance Limited,SATIN HOUSING FINANCE LIMITED,exact,100.0
INE02Z6,DMI Housing Finance Private Limited,DMI HOUSING FINANCE PRIVATE LIMITED,exact,100.0
INE031A,Housing and Urban Development Corporation Ltd.,HOUSING AND URBAN DEVELOPMENT CORPORATION LIMITED,exact,100.0
INE031S,Vena Energy JMD Power Private Limited,VENA ENERGY JMD POWER PRIVATE LIMITED,exact,100.0
INE033L,Tata Capital Housing Finance Limited,TATA CAPITAL HOUSING FINANCE LIMITED,exact,100.0
INE034W,Amplus Tumkur Solar Energy One Private Limited,AMPLUS TUMKUR SOLAR ENERGY ONE PRIVATE LIMITED,exact,100.0
INE034X,NRSS XXXVI Transmission Limited,NRSS XXXVI TRANSMISSION LIMITED,exact,100.0
INE0360,Chemm Finance Limited,CHEMM FINANCE LIMITED,exact,100.0
INE036L,EN Renewable Energy Private Limited,EN RENEWABLE ENERGY PRIVATE LIMITED,exact,100.0
INE037V,Mundra Solar PV Limited,MUNDRA SOLAR PV LIMITED,exact,100.0
INE0398,Acme Raisar Solar Energy Private Limited,ACME RAISAR SOLAR ENERGY PRIVATE LIMITED,exact,100.0
INE039A,IFCI Limited,IFCI LIMITED,exact,100.0
INE03AC,GACL- NALCO Alkalies and Chemicals Private Limited,GACL-NALCO ALKALIES & CHEMICALS PRIVATE LIMITED,exact,100.0
INE03BW,Kotak Alternate Asset Managers Limited,KOTAK ALTERNATE ASSET MANAGERS LIMITED,exact,100.0
INE03CO,Punjab Kashmir Finance Limited,PUNJAB KASHMIR FINANCE LIMITED,exact,100.0
INE03DO,Agro Indus Credits Limited,AGRO INDUS CREDITS LIMITED,exact,100.0
INE03E6,KALINA WAREHOUSING PRIVATE LIMITED,KALINA WAREHOUSING PRIVATE LIMITED,exact,100.0
INE03G4,Shirdi Sai Electricals Limited,SHIRDI SAI ELECTRICALS LIMITED,exact,100.0
INE03JX,Torrent Solargen Limited,TORRENT SOLARGEN LIMITED,exact,100.0
INE03JZ,Share India Fincap Private Limited,SHARE INDIA FINCAP PRIVATE LIMITED,exact,100.0
INE03K3,Satin Finserv Limited,SATIN FINSERV LIMITED,exact,100.0
INE03K5,Hyma Developers Private Limited,HYMA DEVELOPERS PRIVATE LIMITED,exact,100.0
INE03NC,IPSAA Holdings private Limited,IPSAA HOLDINGS PRIVATE LIMITED,exact,100.0
INE03NI,Manipal Hospitals Private Limited (Formerly Columbia Asia Hospitals Private Limited),MANIPAL HOSPITALS PRIVATE LIMITED,exact,100.0
INE03Q9,ENERPARC Solar Power 1 Private Limited,ENERPARC SOLAR POWER 1 PVT LTD,exact,100.0
INE03S8,SRP Prosperita Hotel Ventures Limited,SRP PROSPERITA HOTEL VENTURES LIMITED,exact,100.0
INE03U6,Hooghly Cochin Shipyard Limited,HOOGHLY COCHIN SHIPYARD LIMITED,exact,100.0
INE03UZ,Rare Asset Reconstruction Limited,RARE ASSET RECONSTRUCTION LIMITED,exact,100.0
INE03VJ,Atrium Place Developers Private Limited,ATRIUM PLACE DEVELOPERS PRIVATE LIMITED,exact,100.0
INE03YH,ELECTRYONE POWER PRIVATE  LIMITED (Formerly known as EMAMI POWER LIMITED ),ELECTRYONE POWER PRIVATE LIMITED,exact,100.0
INE03ZY,Nambi Buildwell Limited,NAMBI BUILDWELL  LIMITED,exact,100.0
INE0409,Navarathna Housing Finance Limited.,NAVARATHNA HOUSING FINANCE LIMITED,exact,100.0
INE040A,HDFC Bank Limited,HDFC BANK LIMITED,exact,100.0
INE0410,Embassy Office Parks Reit,EMBASSY OFFICE PARKS REIT,exact,100.0
INE042T,Suprasanna Solaire Energy Private Limited,SUPRASANNA SOLAIRE ENERGY PRIVATE LIMITED,exact,100.0
INE043T,Solaire Power Private Limited,SOLAIRE POWER PRIVATE LIMITED,exact,100.0
INE046O,Sand Land Real Estates Private Limited,SAND LAND REAL ESTATES PRIVATE LIMITED,exact,100.0
INE046W,Muthoot Microfin Limited,MUTHOOT MICROFIN LIMITED,exact,100.0
INE047A,Grasim Industries Limited,GRASIM INDUSTRIES LTD,exact,100.0
INE047M,Hindustan Cleanenergy Limited,HINDUSTAN CLEANENERGY LIMITED,exact,100.0
INE047T,Ujjvalatejas Solaire Urja Private Limited,UJJVALATEJAS SOLAIRE URJA PRIVATE LIMITED,exact,100.0
INE048M,Meenakshi Energy Limited,MEENAKSHI ENERGY LIMITED,exact,100.0
INE048T,Nirjara Solaire Urja Private Limited,NIRJARA SOLAIRE URJA PRIVATE LIMITED,exact,100.0
INE049N,EN Wind Power Private Limited,EN WIND POWER PRIVATE LIMITED,exact,100.0
INE04DT,GV Road Projects Private Limited,GV ROAD PROJECTS PRIVATE LIMITED,exact,100.0
INE04KK,Keventer Agro Limited,KEVENTER AGRO LIMITED.,exact,100.0
INE04MH,Aptus Finance India Private Limited,APTUS FINANCE INDIA PRIVATE LIMITED,exact,100.0
INE04SE,Choice Finserv Private Limited,CHOICE FINSERV PRIVATE LIMITED,exact,100.0
INE04TJ,Talettutayi Solar Projects Two Private Limited,TALETTUTAYI SOLAR PROJECTS TWO PRIVATE LIMITED,exact,100.0
INE04VS,Oxyzo Financial Services Limited,OXYZO FINANCIAL SERVICES LIMITED,exact,100.0
INE04WF,BRD Securities Limited,BRD SECURITIES LTD,exact,100.0
INE04Y6,Prathima Infrastructure Limited,PRATHIMA INFRASTRUCTURE LIMITED,exact,100.0
INE04ZW,Indium Software (India) Private Limited,INDIUM SOFTWARE (INDIA) PRIVATE LIMITED,exact,100.0
INE050N,Kings Infra Ventures Limited,KINGS INFRA VENTURES LIMITED,exact,100.0
INE0513,Chemmanur Credits and Investments Limited,CHEMMANUR CREDITS AND INVESTMENTS LIMITED,exact,100.0
INE052X,Destination Industrial Parks Private Limited,DESTINATION INDUSTRIAL PARKS PRIVATE LIMITED,exact,100.0
INE053F,Indian Railway Finance Corporation Ltd,INDIAN RAILWAY FINANCE CORPORATION LIMITED,exact,100.0
INE0540,Solar Energy Corporation of India Ltd,SOLAR ENERGY CORPORATION OF INDIA LIMITED,exact,100.0
INE055A,Aditya Birla Real Estate Limited,ADITYA BIRLA REAL ESTATE LIMITED,exact,100.0
INE055I,Grihum Housing Finance Limited,GRIHUM HOUSING FINANCE LIMITED,exact,100.0
INE057U,Vayu Urja Bharat Private Limited,VAYU URJA BHARAT PRIVATE LIMITED,exact,100.0
INE05C9,Juniper Green Energy Limited,JUNIPER GREEN ENERGY LIMITED,exact,100.0
INE05CV,Perungudi Real Estates Private Limited,PERUNGUDI REAL ESTATES PRIVATE LIMITED,exact,100.0
INE05EB,Shalimar Lakecity Private Limited,SHALIMAR LAKECITY PRIVATE LIMITED,exact,100.0
INE05F4,Muthoot Mercantile Limited,MUTHOOT MERCANTILE LIMITED,exact,100.0
INE05GW,Intech Organics Limited,INTECH ORGANICS LIMITED,exact,100.0
INE05J8,Patencheru Industrial Park Private Limited,PATENCHERU INDUSTRIAL PARK PRIVATE LIMITED,exact,100.0
INE05JR,Varashakti Housing Finance Private Limited,VARASHAKTI HOUSING FINANCE PRIVATE LIMITED,exact,100.0
INE05JY,Wednesday Solar Private Limited,WEDNESDAY SOLAR PRIVATE LIMITED,exact,100.0
INE05NX,Surat Municipal Corporation,SURAT MUNICIPAL CORPORATION,exact,100.0
INE05OC,LUCKNOW MUNICIPAL CORPORATION,LUCKNOW MUNICIPAL CORPORATION,exact,100.0
INE05OF,Exclusive Leasing And Finance Private Limited,EXCLUSIVE LEASING AND FINANCE LIMITED,exact,100.0
INE05PC,Lexus Motors Limited,LEXUS MOTORS LTD.,exact,100.0
INE05Q6,Ecomark General Finance and Leasing Limited,ECOMARK GENERAL FINANCE AND LEASING LIMITED,exact,100.0
INE05RZ,GREEN GOLD ANIMATION PRIVATE LIMITED,GREEN GOLD ANIMATION PRIVATE LIMITED,exact,100.0
INE05SA,Kothur Logistics Park Private Limited,KOTHUR LOGISTICS PARK PVT LTD,exact,100.0
INE05VE,Vatika One on One Private Limited,VATIKA ONE ON ONE PRIVATE LIMITED,exact,100.0
INE05XA,IndoSpace Industrial Park Oragadam Walajabad Private Limited,INDOSPACE INDUSTRIAL PARK ORAGADAM WALAJABAD PRIVATE LIMITED,exact,100.0
INE05XQ,TVS Mobility Private Limited,TVS MOBILITY PRIVATE LIMITED,exact,100.0
INE05YA,AMPSolar Ventures Private Limited,AMPSOLAR VENTURES PRIVATE LIMITED,exact,100.0
INE05YV,Tirupati Medicare Limited,TIRUPATI MEDICARE LIMITED,exact,100.0
INE061F,Fortis Healthcare Limited,FORTIS HEALTHCARE LIMITED,exact,100.0
INE061P,LNJ Power Ventures Limited,LNJ POWER VENTURES LIMITED,exact,100.0
INE062A,State Bank of India,STATE BANK OF INDIA,exact,100.0
INE063P,Equitas Small Finance Bank Limited,EQUITAS SMALL FINANCE BANK LIMITED,exact,100.0
INE067X,Tata AIG General Insurance Company Limited,TATA AIG GENERAL INSURANCE COMPANY LIMITED,exact,100.0
INE06BX,Total Environment Resorts Private Limited,TOTAL ENVIRONMENT RESORTS PRIVATE LIMITED,exact,100.0
INE06E5,Hella Infra Market Limited (Formerly Hella Infra Market Private Limited),HELLA INFRA MARKET LIMITED,exact,100.0
INE06EN,Sparkle One Mall Developers Private Limited,SPARKLE ONE MALL DEVELOPERS PVT LTD,exact,100.0
INE06H2,Gensol Engineering Limited,GENSOL ENGINEERING LIMITED,exact,100.0
INE06I3,Kutch Windfarm Development Private Limited,KUTCH WINDFARM DEVELOPMENT PRIVATE LIMITED,exact,100.0
INE06KV,Alyssum Developers Private Limited,ALYSSUM DEVELOPERS PVT LTD,exact,100.0
INE06PM,Save Solutions Private Limited,SAVE SOLUTIONS PRIVATE LIMITED,exact,100.0
INE06S8,Svakarma Finance Private Limited,SVAKARMA FINANCE PRIVATE LIMITED,exact,100.0
INE06X1,VODAFONE IDEA TELECOM INFRASTRUCTURE LIMITED,VODAFONE IDEA TELECOM INFRASTRUCTURE LIMITED,exact,100.0
INE06Z0,Amplus Jyotimangal Energy Private Limited,AMPLUS JYOTIMANGAL ENERGY PRIVATE LIMITED,exact,100.0
INE06Z5,Avaada Sunrise Energy Private Limited,AVAADA SUNRISE ENERGY PRIVATE LIMITED,exact,100.0
INE071G,ICICI Home Finance Company Limited,ICICI HOME FINANCE COMPANY LIMITED,exact,100.0
INE0734,Amplus Superior Solar Private Limited,AMPLUS SUPERIOR SOLAR PRIVATE LIMITED,exact,100.0
INE0736,Newenergie Renewables Private Limited,NEWENERGIE RENEWABLES LIMITED,exact,100.0
INE073X,Jakson Engineers Limited,JAKSON ENGINEERS LIMITED,exact,100.0
INE076I,RDC Concrete(India) Limited (formerly RDC Concrete (India) Private Limited),RDC CONCRETE(INDIA) LIMITED,exact,100.0
INE077A,Bank of Baroda,BANK OF BARODA,exact,100.0
INE079X,Jakson Biofuels Private Limited,JAKSON BIOFUELS PRIVATE LIMITED,exact,100.0
INE07J4,Watermarke Estates Private Limited,WATERMARKE ESTATES PRIVATE LIMITED,exact,100.0
INE07LU,Bansal Credits Limited,BANSAL CREDITS LIMITED,exact,100.0
INE07ND,Brigade Infrastructure and Power Private Limited,BRIGADE INFRASTRUCTURE AND POWER PRIVATE LIMITED,exact,100.0
INE07NM,Altamount Road Property Private Limited,ALTAMOUNT ROAD PROPERTY PRIVATE LIMITED,exact,100.0
INE07PX,SBM Bank (India) Ltd,SBM BANK (INDIA) LIMITED,exact,100.0
INE07XR,WAISL Limited,WAISL LIMITED,exact,100.0
INE07YK,Sanchore Renewable Private Limited,SANCHORE RENEWABLE PRIVATE LIMITED,exact,100.0
INE07Z4,Jio Digital Fibre Private Limited,JIO DIGITAL FIBRE PRIVATE LIMITED,exact,100.0
INE07Z5,Oriental Infratrust,ORIENTAL INFRATRUST,exact,100.0
INE080Q,Eastern Power Distribution Company of Andhra Pradesh Limited,EASTERN POWER DISTRIBUTION COMPANY OF ANDHRA PRADESH LIMITED,exact,100.0
INE081A,Tata Steel Limited,TATA STEEL LIMITED,exact,100.0
INE081J,Globe Capital Market Limited,GLOBE CAPITAL MARKET LIMITED,exact,100.0
INE082G,Maithon Power Limited,MAITHON POWER LIMITED,exact,100.0
INE082Q,Southern Power Distribution Company of Andhra Pradesh Limited,SOUTHERN POWER DISTRIBUTION COMPANY OF ANDHRA PRADESH LIMITED,exact,100.0
INE084A,Bank of India,BANK OF INDIA,exact,100.0
INE084S,VR Dakshin Private Limited (formerly Sugam Vanijya Holdings Private Limited),VR DAKSHIN PRIVATE LIMITED,exact,100.0
INE0854,Viney Corporation Limited,VINEY CORPORATION LIMITED,exact,100.0
INE087D,Maharaja Shree Umaid Mills Limited,MAHARAJA SHREE UMAID MILLS LIMITED,exact,100.0
INE087H,Shree Renuka Sugars Limited,SHREE RENUKA SUGARS LIMITED,exact,100.0
INE087M,Bahadur Chand Investments Private Limited,BAHADUR CHAND INVESTMENTS PRIVATE LIMITED,exact,100.0
INE087P,Avanse Financial Services Ltd.,AVANSE FINANCIAL SERVICES LIMITED,exact,100.0
INE0889,Solbridge Energy Private Limited,SOLBRIDGE ENERGY PRIVATE LIMITED,exact,100.0
INE089C,Sterlite Technologies Limited,STERLITE TECHNOLOGIES LIMITED,exact,100.0
INE08BR,Suryapet Khammam Road Private Limited,SURYAPET KHAMMAM ROAD LIMITED,exact,100.0
INE08BT,Mancherial Repallewada Road Private Limited,MANCHERIAL REPALLEWADA ROAD LIMITED,exact,100.0
INE08EQ,Gujarat State Investments Limited,GUJARAT STATE INVESTMENTS LIMITED,exact,100.0
INE08JU,JMJ Finance Limited,JMJ FINANCE LIMITED,exact,100.0
INE08LI,Krsnaa Diagnostics Limited,KRSNAA DIAGNOSTICS LIMITED,exact,100.0
INE08OQ,ACME AKLERA POWER TECHNOLOGY PRIVATE LIMITED,ACME AKLERA POWER TECHNOLOGY PRIVATE LIMITED,exact,100.0
INE08SQ,Adani Wind Energy MP One Private Limited,ADANI WIND ENERGY MP ONE PRIVATE LIMITED,exact,100.0
INE08T7,Rentomojo Limited,RENTOMOJO LIMITED,exact,100.0
INE08TM,Phenil Sugars Limited,PHENIL SUGARS LIMITED,exact,100.0
INE08WC,LightHouse Learning Private Limited,LIGHTHOUSE LEARNING PRIVATE LIMITED,exact,100.0
INE08X5,Bhanix Finance and Investment Limited,BHANIX FINANCE AND INVESTMENT LIMITED,exact,100.0
INE08XP,Akara Capital Advisors Private Limited,AKARA CAPITAL ADVISORS PRIVATE LIMITED,exact,100.0
INE08YT,Prolific Resolution Private Limited,PROLIFIC RESOLUTION PRIVATE LIMITED,exact,100.0
INE08Z6,Vastu Finserve India Private Limited,VASTU FINSERVE INDIA PRIVATE LIMITED,exact,100.0
INE08ZI,Luxmi Tea Company Private Limited,LUXMI TEA CO PRIVATE LIMITED,exact,100.0
INE090A,ICICI Bank Limited,ICICI BANK LIMITED,exact,100.0
INE090T,Solaire Urja Private Limited,SOLAIRE URJA PRIVATE LIMITED,exact,100.0
INE090W,Lendingkart Finance Limited,LENDINGKART FINANCE LIMITED,exact,100.0
INE091A,Nirma Limited,NIRMA LIMITED,exact,100.0
INE091B,Apraava Energy Private Limited (Formerly CLP India Pvt Ltd),APRAAVA ENERGY PRIVATE LIMITED,exact,100.0
INE091D,Punjab Infrastructure Development Board,PUNJAB INFRASTRUCTURE DEVELOPMENT BOARD,exact,100.0
INE092A,Tata Chemicals Limited,TATA CHEMICALS LIMITED,exact,100.0
INE092T,IDFC First Bank Limited,IDFC FIRST BANK LIMITED,exact,100.0
INE092Y,Bhandari Automobiles Private Limited,BHANDARI AUTOMOBILES PRIVATE LIMITED,exact,100.0
INE093J,Anand Rathi Global Finance Limited,ANAND RATHI GLOBAL FINANCE LIMITED,exact,100.0
INE094A,Hindustan Petroleum Corporation Limited,HINDUSTAN PETROLEUM CORPORATION LIMITED,exact,100.0
INE095A,IndusInd Bank Limited,INDUSIND BANK LTD.,exact,100.0
INE09AM,CSE DEVELOPMENT (INDIA) PRIVATE LIMITED,CSE DEVELOPMENT (INDIA) PRIVATE LIMITED,exact,100.0
INE09BC,Kairos Properties Private Limited,KAIROS PROPERTIES PRIVATE LIMITED,exact,100.0
INE09E4,Peel - Works Pvt. Ltd.,PEEL-WORKS PRIVATE LIMITED,exact,100.0
INE09HO,INCO Jade Private Limited,INCO JADE PRIVATE LIMITED,exact,100.0
INE09I2,Ayana Renewable Power Private Limited,AYANA RENEWABLE POWER PRIVATE LIMITED,exact,100.0
INE09PM,Epimoney Private Limited,EPIMONEY PRIVATE LIMITED,exact,100.0
INE09RV,Morjar Windfarm Development Private Limited,MORJAR WINDFARM DEVELOPMENT PRIVATE LIMITED,exact,100.0
INE09S3,Valuvanadu Capital Limited,VALUVANADU CAPITAL LIMITED,exact,100.0
INE09T9,MAC Charles Hub Projects Private Limited,MAC CHARLES HUB PROJECTS PRIVATE LIMITED,exact,100.0
INE09UK,ADANI WIND ENERGY KUTCHH FOUR LIMITED,ADANI WIND ENERGY KUTCHH FOUR LIMITED,exact,100.0
INE0A24,Origo Commodities India Pvt. Ltd.,ORIGO COMMODITIES INDIA PRIVATE LIMITED,exact,100.0
INE0A3E,Renewables Trinethra Private Limited,RENEWABLES TRINETHRA PRIVATE LIMITED,exact,100.0
INE0A7I,ACME Heergarh Powertech Private Limited,ACME HEERGARH POWERTECH PRIVATE LIMITED,exact,100.0
INE0A8S,Primatel Fibcom Limited,PRIMATEL FIBCOM LIMITED,exact,100.0
INE0A94,AMPIN Energy Systems Private Limited,AMPIN ENERGY SYSTEMS PRIVATE LIMITED,exact,100.0
INE0AAL,Safe Enviro Private Limited,SAFE ENVIRO PRIVATE LIMITED,exact,100.0
INE0ABC,AMPIN Clean Power Private Limited,AMPIN CLEAN POWER PRIVATE LIMITED,exact,100.0
INE0AD5,Aseem Infrastructure Finance Limited,ASEEM INFRASTRUCTURE FINANCE LIMITED,exact,100.0
INE0AED,AI ASSETS HOLDING LIMITED (Formerly AIR INDIA ASSETS HOLDING LIMITED),AI ASSETS HOLDING LIMITED,exact,100.0
INE0AFU,TALETTUTAYI SOLAR PROJECTS FIVE PRIVATE LIMITED,TALETTUTAYI SOLAR PROJECTS FIVE PRIVATE LIMITED,exact,100.0
INE0AHS,AMPIN Urja Private Limited (formerly AMPSOLAR URJA PRIVATE LIMITED),AMPIN URJA PRIVATE LIMITED,exact,100.0
INE0AOZ,Geo VPL Finance Limited,GEO VPL FINANCE LIMITED,exact,100.0
INE0ARG,UPL Environmental Engineers Limited,UPL ENVIRONMENTAL ENGINEERS LIMITED,exact,100.0
INE0AT1,Adani Wind Energy Kutchh Five Limited,ADANI WIND ENERGY KUTCHH FIVE LIMITED,exact,100.0
INE0AT8,Adani Hybrid Energy Jaisalmer Two Limited,ADANI HYBRID ENERGY JAISALMER TWO LIMITED,exact,100.0
INE0ATQ,ADAMA INDIA PRIVATE LIMITED,ADAMA INDIA PVT LTD,exact,100.0
INE0AUQ,Fourvolt Solar Private Limited,FOURVOLT SOLAR PRIVATE LIMITED,exact,100.0
INE0AUZ,Sungaze Power Private Limited,SUNGAZE POWER PRIVATE LIMITED,exact,100.0
INE0AV8,Wattvolt Energy Private Limited,WATTVOLT ENERGY PRIVATE LIMITED,exact,100.0
INE0AYR,THINK GAS BEGUSARAI PRIVATE LIMITED,THINK GAS BEGUSARAI PRIVATE LIMITED,exact,100.0
INE0AZ9,Advanced Performance Materials Private Limited,ADVANCED PERFORMANCE MATERIALS PRIVATE LIMITED,exact,100.0
INE0B0F,Think Gas Ludhiana Private Limited,THINK GAS LUDHIANA PRIVATE LIMITED,exact,100.0
INE0B2V,Isprout Business Centre Private Limited,ISPROUT BUSINESS CENTRE PRIVATE LIMITED,exact,100.0
INE0B3K,Casa Grande Grace Private Limited,CASA GRANDE GRACE PRIVATE LIMITED,exact,100.0
INE0B42,Moon Beverages Limited,MOON BEVERAGES LIMITED,exact,100.0
INE0B4P,Loantap Credit Products Private Limited,LOANTAP CREDIT PRODUCTS PRIVATE LIMITED,exact,100.0
INE0B7T,JRK Solar Projects Private Limited,JRK SOLAR PROJECTS PRIVATE LIMITED,exact,100.0
INE0BBO,Shri Kannan Departmental Store Private Limited,SHRI KANNAN DEPARTMENTAL STORE LIMITED,exact,100.0
INE0BBX,VR Konkan Private LImited,VR KONKAN PRIVATE LIMITED,exact,100.0
INE0BC5,Malur Logistics and Industrial Parks Private Limited,MALUR LOGISTICS AND INDUSTRIAL PARKS PRIVATE LIMITED,exact,100.0
INE0BC8,GALFAR ENGINEERING AND CONTRACTING (INDIA) PRIVATE LIMITED,GALFAR ENGINEERING & CONTRACTING (INDIA) PRIVATE LIMITED,exact,100.0
INE0BJ3,Bikaner-Khetri Transmission Limited,BIKANER-KHETRI TRANSMISSION LIMITED,exact,100.0
INE0BJR,WRSS XXI (A) Transco Limited,WRSS XXI (A) TRANSCO LIMITED,exact,100.0
INE0BL9,VVDN Technologies Private Limited,VVDN TECHNOLOGIES PVT LTD,exact,100.0
INE0BMF,EMBASSY COMMERCIAL PROJECTS (WHITEFIELD) PRIVATE LIMITED,EMBASSY COMMERCIAL PROJECTS (WHITEFIELD) PRIVATE LIMITED,exact,100.0
INE0BOG,Brightstar Infrastructure Private Limited,BRIGHTSTAR INFRASTRUCTURE PVT LTD,exact,100.0
INE0BS7,Premier Energies Limited,PREMIER ENERGIES LIMITED,exact,100.0
INE0BSV,UC Inclusive Credit Pvt Ltd,UC INCLUSIVE CREDIT PRIVATE LIMITED,exact,100.0
INE0BUS,Indel Money Limited,INDEL MONEY  LIMITED,exact,100.0
INE0BVB,Lakadia Vadodara Transmission Project Limited,LAKADIA-VADODARA TRANSMISSION PROJECT LIMITED,exact,100.0
INE0BXI,Vivriti Funds Private Limited,VIVRITI FUNDS PRIVATE LIMITED,exact,100.0
INE0C1P,Vikhroli Business City Private Limited,VIKHROLI BUSINESS CITY PRIVATE LIMITED,exact,100.0
INE0C2U,GV Techparks Private Limited,GV TECHPARKS PRIVATE LIMITED,exact,100.0
INE0C52,Lakadia Banaskantha Transco Limited,LAKADIA BANASKANTHA TRANSCO LIMITED,exact,100.0
INE0C5F,Pinnacle Industries Ltd,PINNACLE INDUSTRIES LIMITED,exact,100.0
INE0CCU,Mindspace Business Parks REIT,MINDSPACE BUSINESS PARKS REIT,exact,100.0
INE0CEK,Casagrand Premier Builder Limited,CASAGRAND PREMIER BUILDER LIMITED,exact,100.0
INE0CHN,Kandi Ramsanpalle Road Private Limited,KANDI RAMSANPALLE ROAD PRIVATE LIMITED,exact,100.0
INE0CKC,RBSG Capital Private Limited,RBSG CAPITAL PRIVATE LIMITED,exact,100.0
INE0CSH,Adani Green Energy Twenty Three Limited,ADANI GREEN ENERGY TWENTY THREE LIMITED,exact,100.0
INE0CST,Avaada Sustainable Rjproject Private Limited,AVAADA SUSTAINABLE RJPROJECT PRIVATE LIMITED,exact,100.0
INE0CTD,SHIVALAYA CONSTRUCTION LIMITED (Formerly Shivalaya Construction Private Limited),SHIVALAYA CONSTRUCTION LIMITED,exact,100.0
INE0CUM,Embassy Construction Private Limited,EMBASSY CONSTRUCTION PVT LTD,exact,100.0
INE0CYK,Purple Finance Limited,PURPLE FINANCE LIMITED,exact,100.0
INE0CZ0,Good Host Spaces (Sonipat) Private Limited,GOOD HOST SPACES (SONIPAT) PRIVATE LIMITED,exact,100.0
INE0D5J,AVAADA SUNCE ENERGY PRIVATE LIMITED,AVAADA SUNCE ENERGY PRIVATE LIMITED,exact,100.0
INE0D8F,OPG Power Generation Private Limited,OPG POWER GENERATION PRIVATE LIMITED,exact,100.0
INE0D9T,Maharashtra RESCO ROOFTOP Solar Pvt Ltd,MAHARASHTRA RESCO ROOFTOP SOLAR PRIVATE LIMITED,exact,100.0
INE0DA8,Shreas Industries Limited,SHREAS INDUSTRIES LTD,exact,100.0
INE0DBJ,Mizuho Capsave Finance Private Limited,MIZUHO CAPSAVE FINANCE PRIVATE LIMITED,exact,100.0
INE0DBK,Amplus Poorva Private Limited,AMPLUS POORVA PRIVATE LIMITED,exact,100.0
INE0DEY,AMPSolar Energy Private Limited,AMPSOLAR ENERGY PRIVATE LIMITED,exact,100.0
INE0DFO,Lanco Solar (Gujarat) Private Limited,LANCO SOLAR (GUJARAT) PRIVATE LIMITED,exact,100.0
INE0DFS,Ayana Ananthapuramu Solar Private Limited,AYANA ANANTHAPURAMU SOLAR PRIVATE LIMITED,exact,100.0
INE0DG9,Rupeek Capital Private Limited,RUPEEK CAPITAL PRIVATE LIMITED,exact,100.0
INE0DLZ,Adani Hybrid Energy Jaisalmer Four Limited,ADANI HYBRID ENERGY JAISALMER FOUR LIMITED,exact,100.0
INE0DO9,Adani Hybrid Energy Jaisalmer One Limited,ADANI HYBRID ENERGY JAISALMER ONE LIMITED,exact,100.0
INE0DWX,GRAND HILLS DEVELOPMENTS PRIVATE LIMITED,GRAND HILLS DEVELOPMENTS PRIVATE LIMITED,exact,100.0
INE0E1G,SHERISHA ROOFTOP SOLAR SPV FOUR PRIVATE LIMITED,SHERISHA ROOFTOP SOLAR SPV FOUR PRIVATE LIMITED,exact,100.0
INE0E23,Aviom India Housing Finance Private Limited,AVIOM INDIA HOUSING FINANCE PRIVATE LIMITED,exact,100.0
INE0E2B,Mansukh Securities and Finance Limited,MANSUKH SECURITIES AND FINANCE LIMITED,exact,100.0
INE0EIC,Napino Auto and Electronics Limited,NAPINO AUTO AND ELECTRONICS LIMITED,exact,100.0
INE0EID,Electro Solaire Private Limited,ELECTRO SOLAIRE PRIVATE LIMITED,exact,100.0
INE0EKP,Amplus Venus Private Limited,AMPLUS VENUS PRIVATE LIMITED,exact,100.0
INE0ER7,Nay Energy Private Limited,NAY ENERGY PRIVATE LIMITED,exact,100.0
INE0ERF,Amplus Dakshin Private Limited,AMPLUS DAKSHIN PRIVATE LIMITED,exact,100.0
INE0ERH,Sunroot Energy Private Limited,SUNROOT ENERGY PRIVATE LIMITED,exact,100.0
INE0EYP,Arpit Projects Limited,ARPIT PROJECTS LIMITED,exact,100.0
INE0F3T,PMI Electro Mobility Solutions Private Limited,PMI ELECTRO MOBILITY SOLUTIONS PRIVATE LIMITED,exact,100.0
INE0F45,Avaada Sunrays Energy Private Limited,AVAADA SUNRAYS ENERGY PRIVATE LIMITED,exact,100.0
INE0F4J,Avaada Rjhn Private Limited,AVAADA RJHN PRIVATE LIMITED,exact,100.0
INE0F6K,Mumbai Urja Marg Limited,MUMBAI URJA MARG LIMITED,exact,100.0
INE0FAV,Tirthankar City Bus Operations Private Limited,TIRTHANKAR CITY BUS OPERATIONS PRIVATE LIMITED,exact,100.0
INE0FB7,Vaasudevo City Bus Operations Private Limited,VAASUDEVO CITY BUS OPERATIONS PRIVATE LIMITED,exact,100.0
INE0FDU,Brookfield India Real Estate Trust,BROOKFIELD INDIA REAL ESTATE TRUST,exact,100.0
INE0FEX,Dhanalakshmi Hire Purchase and Leasing Limited,DHANALAKSHMI HIRE PURCHASE AND LEASING LIMITED,exact,100.0
INE0FFR,Lal Gebi Infra Private Limited,LAL GEBI INFRA PRIVATE LIMITED,exact,100.0
INE0FKV,Arliga Ecoworld Infrastructure Private Ltd (erstwhile RMZ Ecoworld Infrastructure Pvt Ltd),ARLIGA ECOWORLD INFRASTRUCTURE PRIVATE LIMITED,exact,100.0
INE0FMC,Continuum Trinethra Renewables Private Limited,CONTINUUM TRINETHRA RENEWABLES PRIVATE LIMITED,exact,100.0
INE0FRO,Steamhouse India Limited,STEAMHOUSE INDIA LIMITED,exact,100.0
INE0FSS,Legor Logistics Private Limited,LEGOR LOGISTICS PRIVATE LIMITED,exact,100.0
INE0FV2,Indospace Industrial Park Panruti Private Limited,INDOSPACE INDUSTRIAL PARK PANRUTI PRIVATE LIMITED,exact,100.0
INE0FV6,Ishanvi Industrial & Logistics Park Private Limited,ISHANVI INDUSTRIAL & LOGISTICS PARK PVT LTD,exact,100.0
INE0FWI,Sindhuja Microcredit Private Limited,SINDHUJA MICROCREDIT PRIVATE LIMITED,exact,100.0
INE0FX6,NMDC Data Centre Private Limited,NMDC DATA CENTRE PRIVATE LIMITED,exact,100.0
INE0G11,INDOSPACE LUHARI 3E PRIVATE LIMITED.,INDOSPACE LUHARI 3E PRIVATE LIMITED,exact,100.0
INE0G3G,Euroschool Foundation,EUROSCHOOL FOUNDATION,exact,100.0
INE0G4Q,Dugar Finance and Investments Limited,DUGAR FINANCE AND INVESTMENTS LIMITED,exact,100.0
INE0GCN,Adani Airport Holdings Limited,ADANI AIRPORT HOLDINGS LIMITED,exact,100.0
INE0GDU,Greencell Mobility Private Limited,GREENCELL MOBILITY PRIVATE LIMITED,exact,100.0
INE0GIT,Shyama Shyam P1 City Bus Operations Pvt Ltd,SHYAMA SHYAM P1 CITY BUS OPERATIONS PRIVATE LIMITED,exact,100.0
INE0GIW,VSK City Bus Operations Pvt Ltd,VSK CITY BUS OPERATIONS PRIVATE LIMITED,exact,100.0
INE0GMD,Bagmane Developers Private Limited,BAGMANE DEVELOPERS PRIVATE LIMITED,exact,100.0
INE0GNP,Indospace MET Logistics Park Farukhnagar Private Limited,INDOSPACE MET LOGISTICS PARK FARUKHNAGAR PRIVATE LIMITED,exact,100.0
INE0GOL,Indifi Capital Private Limited,INDIFI CAPITAL PRIVATE LIMITED,exact,100.0
INE0GQL,Ganga STP Project Private Limited,GANGA STP PROJECT PRIVATE LIMITED,exact,100.0
INE0GVF,Ghaziabad Nagar Nigam,GHAZIABAD NAGAR NIGAM,exact,100.0
INE0GVQ,GMR LOGISTICS PARK PRIVATE LIMITED (Formerly ESR GMR LOGISTICS PARK PRIVATE LIMITED),GMR LOGISTICS PARK PRIVATE LIMITED,exact,100.0
INE0GXL,Navi Limited (Formerly Navi technologies Limited),NAVI LIMITED,exact,100.0
INE0H0C,Indospace SKLL Coimbatore Private Limited,INDOSPACE SKLL COIMBATORE PRIVATE LIMITED,exact,100.0
INE0H2G,DK Sewage Project Private Limited,DK SEWAGE PROJECT PRIVATE LIMITED,exact,100.0
INE0H6E,Sprng Solar Plus Private Limited (formerly  Fortum Solar Plus Private Limited),SPRNG SOLAR PLUS PRIVATE LIMITED,exact,100.0
INE0H7E,Radiance Renewables Private Limited,RADIANCE RENEWABLES PRIVATE LIMITED,exact,100.0
INE0H7R,National Highways Infra Trust,NATIONAL HIGHWAYS INFRA TRUST,exact,100.0
INE0H8L,Nirmal Bang Financial Services Private Limited,NIRMAL BANG FINANCIAL SERVICES PRIVATE LIMITED,exact,100.0
INE0H8V,Sahyadri Farms Post Harvest Care Limited,SAHYADRI FARMS POST HARVEST CARE LIMITED,exact,100.0
INE0H96,Lok Suvidha Finance Limited,LOK SUVIDHA FINANCE LIMITED,exact,100.0
INE0HEN,Techfino Capital Private Limited,TECHFINO CAPITAL PRIVATE LIMITED,exact,100.0
INE0HHB,Deerfield Logistics Private Limited,DEERFIELD LOGISTICS PRIVATE LIMITED,exact,100.0
INE0HJ1,Juniper Green Three Private Limited,JUNIPER GREEN THREE PRIVATE LIMITED,exact,100.0
INE0HPS,Juniper Green Field Private Limited,JUNIPER GREEN FIELD PRIVATE LIMITED,exact,100.0
INE0HT8,Leviathan Logisolutions Pvt. Ltd,LEVIATHAN LOGISOLUTIONS PRIVATE LIMITED,exact,100.0
INE0HU7,Avengers Solar Private Limited,AVENGERS SOLAR PRIVATE LIMITED,exact,100.0
INE0HVD,Barwa Adda Expressway Limited,BARWA ADDA EXPRESSWAY LIMITED,exact,100.0
INE0HXI,Simar Infrastructures Limited,SIMAR INFRASTRUCTURES LIMITED,exact,100.0
INE0I10,Shah Business Ventures Private Limited,SHAH BUSINESS VENTURES PRIVATE LIMITED,exact,100.0
INE0I1U,ABC RENEWABLE ENERGY (RJ-01) PRIVATE LIMITED,ABC RENEWABLE ENERGY (RJ-01) PRIVATE LIMITED,exact,100.0
INE0I51,Indospace Chittoor Private Limited,INDOSPACE CHITTOOR PRIVATE LIMITED,exact,100.0
INE0I52,ERPL Warehousing Park Private Limited,ERPL WAREHOUSING PARK PRIVATE LIMITED,exact,100.0
INE0I5K,Arman Logistics Park Private Limited,ARMAN LOGISTICS PARK PRIVATE LIMITED,exact,100.0
INE0I5X,Monedo financial services private Limited,MONEDO FINANCIAL SERVICES PRIVATE LIMITED,exact,100.0
INE0I67,Rathik Industrial & Logistics Park Private Limited,RATHIK INDUSTRIAL & LOGISTICS PARK PRIVATE LIMITED,exact,100.0
INE0IAD,ILP 3 India 13 Pvt. Ltd.,ILP 3 INDIA 13 PRIVATE LIMITED,exact,100.0
INE0IB2,Tasoula Energy Private Limited,TASOULA ENERGY PRIVATE LIMITED,exact,100.0
INE0IB3,Shirina Industrial & Logistics Park Private Limited,SHIRINA INDUSTRIAL & LOGISTICS PARK PRIVATE LIMITED,exact,100.0
INE0IB5,Unnati Logistics Park Private Limited,UNNATI LOGISTICS PARK PRIVATE LIMITED,exact,100.0
INE0ICW,Netafim Irrigation India Private Limited,NETAFIM IRRIGATION INDIA PRIVATE LIMITED,exact,100.0
INE0IID,Prachay Capital Limited,PRACHAY CAPITAL LIMITED,exact,100.0
INE0INX,Aegis Vopak Terminals Limited,AEGIS VOPAK TERMINALS LIMITED,exact,100.0
INE0IP4,ILP 3 India 8 Private Limited,ILP 3 INDIA 8 PRIVATE LIMITED,exact,100.0
INE0IQY,Bethamangala Expressway Private Limited (Formerly KCC Bethamangala Expressway Private Limited),BETHAMANGALA EXPRESSWAY PRIVATE LIMITED,exact,100.0
INE0IRX,KATRA EXPRESSWAY PRIVATE LIMITED,KATRA EXPRESSWAY PRIVATE LIMITED,exact,100.0
INE0IS7,Amplus Alpha Solar Private Limited,AMPLUS ALPHA SOLAR PRIVATE LIMITED,exact,100.0
INE0ISN,Goodluck Buildtech Private Limited,GOODLUCK BUILDTECH PRIVATE LIMITED,exact,100.0
INE0ITX,INDOSPACE PARK SHAMSHABAD PRIVATE LIMITED,INDOSPACE PARK SHAMSHABAD PRIVATE LIMITED,exact,100.0
INE0IUN,Salsette Developers Private Limited,SALSETTE DEVELOPERS PRIVATE LIMITED,exact,100.0
INE0IVM,Leap Agri Logistics (Khagaria) Private Limited,LEAP AGRI LOGISTICS (KHAGARIA) PRIVATE LIMITED,exact,100.0
INE0IX2,Namdev Finvest Private Limited,NAMDEV FINVEST LIMITED,exact,100.0
INE0J16,Unity Small Finance Bank Limited,UNITY SMALL FINANCE BANK LIMITED,exact,100.0
INE0J17,SANNUR BIKARNAKETTE HIGHWAYS PRIVATE LIMITED,SANNUR BIKARNAKETTE HIGHWAYS LIMITED,exact,100.0
INE0J47,National Asset Reconstruction Company Limited,NATIONAL ASSET RECONSTRUCTION COMPANY LIMITED,exact,100.0
INE0J72,Karnataka Resco Rooftop Solar Private Limited,KARNATAKA RESCO ROOFTOP SOLAR PRIVATE LIMITED,exact,100.0
INE0J7Q,DME Development Limited,DME DEVELOPMENT LIMITED,exact,100.0
INE0JCG,AMP Energy Green Fifteen Private Limited,AMP ENERGY GREEN FIFTEEN PRIVATE LIMITED,exact,100.0
INE0JCH,AMP Energy Green Twelve Private Limited,AMP ENERGY GREEN TWELVE PRIVATE LIMITED,exact,100.0
INE0JGT,Akamu Solar Energy Private Limited,AKAMU SOLAR ENERGY PRIVATE LIMITED,exact,100.0
INE0JJ3,JSW Shipping & Logistics Private Limited,JSW SHIPPING & LOGISTICS PRIVATE LIMITED,exact,100.0
INE0JKQ,AMP Energy Green Nine Private Limited,AMP ENERGY GREEN NINE PRIVATE LIMITED,exact,100.0
INE0JOC,INR Energy Ventures Private Limited,INR ENERGY VENTURES PRIVATE LIMITED,exact,100.0
INE0JOD,Newtap Finance Private Limited,NEWTAP FINANCE PRIVATE LIMITED,exact,100.0
INE0JR7,K. M. Global Credit Private Limited,K.M. GLOBAL CREDIT PRIVATE LIMITED,exact,100.0
INE0JSV,D.S.Integrated FinSec Private Limited,D.S. INTEGRATED FINSEC PRIVATE LIMITED,exact,100.0
INE0JTZ,Lavender Ecopower Private Limited,LAVENDER ECOPOWER PRIVATE LIMITED,exact,100.0
INE0JUJ,Dahlia Green Energy Private Limited,DAHLIA GREEN ENERGY PRIVATE LIMITED,exact,100.0
INE0JUK,Lilac Ecoenergy Private Limited,LILAC ECOENERGY PRIVATE LIMITED,exact,100.0
INE0JWA,BANGARUPALEM GUDIPALA HIGHWAYS LIMITED,BANGARUPALEM GUDIPALA HIGHWAYS LIMITED,exact,100.0
INE0JYX,ILP 3 India 2 Private Limited,ILP 3 INDIA 2 PRIVATE LIMITED,exact,100.0
INE0JYZ,Three Seasons Exim Limited,THREE SEASONS EXIM LIMITED,exact,100.0
INE0K0Y,Marwadi Chandarana Intermediaries Brokers Private Limited,MARWADI CHANDARANA INTERMEDIARIES BROKERS PRIVATE LIMITED,exact,100.0
INE0K2Q,Seeds Fincap Private Limited,SEEDS FINCAP PRIVATE LIMITED,exact,100.0
INE0K3T,RPSPL Private Limited,RPSPL PVT LTD,exact,100.0
INE0K40,Powered EPC Services Limited,POWERED EPC SERVICES LIMITED,exact,100.0
INE0K4J,Kalpataru Properties Private Limited,KALPATARU PROPERTIES LIMITED,exact,100.0
INE0K4T,Kodad Khammam Road Limited,KODAD KHAMMAM ROAD LIMITED,exact,100.0
INE0K4X,Swelect Renewable Energy Private Limited,SWELECT RENEWABLE ENERGY PRIVATE LIMITED,exact,100.0
INE0K4Y,Swelect Sun Energy Private Limited,SWELECT SUN ENERGY PRIVATE LIMITED,exact,100.0
INE0K5L,Premier Energies International Private Limited,PREMIER ENERGIES INTERNATIONAL PRIVATE LIMITED,exact,100.0
INE0K6C,BEEMPOW ENERGY PRIVATE LIMITED,BEEMPOW ENERGY PRIVATE LIMITED,exact,100.0
INE0K7Q,KSH Infra Park 4 Private Limited,KSH INFRA PARK 4 PRIVATE LIMITED,exact,100.0
INE0K93,AMP Energy C&I Two Private Limited,AMP ENERGY C&I TWO PRIVATE LIMITED,exact,100.0
INE0KD7,Mantra Properties and Developers Pvt Ltd,MANTRA PROPERTIES AND DEVELOPERS PVT LTD,exact,100.0
INE0KDG,Vadodara Municipal Corporation,VADODARA MUNICIPAL CORPORATION,exact,100.0
INE0KE1,Airoli ITP Development Pvt Ltd,AIROLI ITP DEVELOPMENT PRIVATE LIMITED,exact,100.0
INE0KIE,DXDC Chennai Private Limited (Formerly BAM DLR CHENNAI PRIVATE LIMITED),DXDC CHENNAI PRIVATE LIMITED,exact,100.0
INE0KIS,Sify Infinit Spaces Limited,SIFY INFINIT SPACES LIMITED,exact,100.0
INE0KKQ,Lentra AI Private Limited,LENTRA AI PRIVATE LIMITED,exact,100.0
INE0KO7,Indospace Chittoor II Private Limited,INDOSPACE CHITTOOR II PRIVATE LIMITED,exact,100.0
INE0KRV,Vidarbha Cargo Private Limited,VIDARBHA CARGO PRIVATE LIMITED,exact,100.0
INE0KSB,Dalavaipuram Renewables Private Limited,DALAVAIPURAM RENEWABLES PRIVATE LIMITED,exact,100.0
INE0KUG,National Bank for Financing Infrastructure and Development,NATIONAL BANK FOR FINANCING INFRASTRUCTURE AND DEVELOPMENT,exact,100.0
INE0KXR,JSW RENEW ENERGY LIMITED,JSW RENEW ENERGY LIMITED,exact,100.0
INE0KYN,Fabulous Builders,FABULOUS BUILDERS LIMITED,exact,100.0
INE0L18,Vintage Coffee Private Limited,VINTAGE COFFEE PVT LTD,exact,100.0
INE0L1W,Rajapushpa Properties Private Limited,RAJAPUSHPA PROPERTIES PRIVATE LIMITED,exact,100.0
INE0L2B,Vikrant Forge Private Limited,VIKRANT FORGE PRIVATE LIMITED,exact,100.0
INE0L31,ANSR Global Corporation Private Limited,ANSR GLOBAL CORPORATION PRIVATE LIMITED,exact,100.0
INE0L6H,Palava Induslogic 4 Private Limited,PALAVA INDUSLOGIC 4 LIMITED,exact,100.0
INE0LA0,Athaang Infrastructure Private Limited,ATHAANG INFRASTRUCTURE PRIVATE LIMITED,exact,100.0
INE0LBY,Aakash Nirman Udyog Private Limited,AAKASH NIRMAN UDYOG PRIVATE LIMITED,exact,100.0
INE0LEM,Masaya Solar Energy Private Limited,MASAYA SOLAR ENERGY PRIVATE LIMITED,exact,100.0
INE0LEQ,Sarvagram Fincare Private Limited,SARVAGRAM FINCARE PRIVATE LIMITED,exact,100.0
INE0LFZ,GreenCell Surat Private Limited,GREENCELL SURAT PVT LTD,exact,100.0
INE0LGF,CGE Hybrid Energy Private Limited,CGE HYBRID ENERGY PRIVATE LIMITED,exact,100.0
INE0LHN,RAIPUR-VISAKHAPATNAM-CG-2 HIGHWAYS LIMITED,RAIPUR-VISAKHAPATNAM-CG-2 HIGHWAYS LIMITED,exact,100.0
INE0LI4,Serentica Renewables India 4 Private Limited,SERENTICA RENEWABLES INDIA 4 PRIVATE LIMITED,exact,100.0
INE0LIO,Movez EV Bus (One) Private Limited,MOVEZ EV BUS (ONE) PVT LTD,exact,100.0
INE0LLA,Evey Trans (MHS) Private Limited,EVEY TRANS (MHS) PVT LTD,exact,100.0
INE0LQ3,Ambe Agro Industries Private Limited,AMBE AGRO INDUSTRIES PRIVATE LIMITED,exact,100.0
INE0LQX,Serentica Renewables India Private Limited,SERENTICA RENEWABLES INDIA PRIVATE LIMITED,exact,100.0
INE0LRC,Purelearn Eduinfra Bangalore Private Limited,PURELEARN EDUINFRA BANGALORE PRIVATE LIMITED,exact,100.0
INE0LRD,Amplus Helios Private Limited,AMPLUS HELIOS PRIVATE LIMITED,exact,100.0
INE0LRI,SAEL Industries Ltd,SAEL INDUSTRIES LIMITED,exact,100.0
INE0LRP,Cuib Eduinfra Bangalore Private Limited,CUIB EDUINFRA BANGALORE PRIVATE LIMITED,exact,100.0
INE0LW0,Purelearn Eduinfra Kanakapura Private Limited,PURELEARN EDUINFRA KANAKAPURA PRIVATE LIMITED,exact,100.0
INE0LXM,AMPIN Energy Green Four Private Limited,AMPIN ENERGY GREEN FOUR PRIVATE LIMITED,exact,100.0
INE0LXO,AMPIN Energy Green Six Private Limited (Formerly AMP Energy Green Six Private Limited),AMPIN ENERGY GREEN SIX PRIVATE LIMITED,exact,100.0
INE0LXP,AMPIN Energy Green Eight Private Limited,AMPIN ENERGY GREEN EIGHT PRIVATE LIMITED,exact,100.0
INE0LZ9,AMPIN ENERGY GREEN FIVE PRIVATE LIMITED,AMPIN ENERGY GREEN FIVE PRIVATE LIMITED,exact,100.0
INE0M23,Andhra Pradesh State Beverages Corporation Limited,ANDHRA PRADESH STATE BEVERAGES CORPORATION LIMITED,exact,100.0
INE0M4Y,Purelearn Eduinfra Bowenpally Private Limited,PURELEARN EDUINFRA BOWENPALLY PRIVATE LIMITED,exact,100.0
INE0M68,Purelearn Eduinfra Ramanagara SH Private Limited,PURELEARN EDUINFRA RAMANAGARA SH PRIVATE LIMITED,exact,100.0
INE0M7V,Snapmint Financial Services Private Limited,SNAPMINT FINANCIAL SERVICES PRIVATE LIMITED,exact,100.0
INE0M8D,Aditya Birla Digital Fashion Ventures Limited,ADITYA BIRLA DIGITAL FASHION VENTURES LIMITED,exact,100.0
INE0M8Z,HSK Logistics Assets (India) Private Limited,HSK LOGISTICS ASSETS (INDIA) PRIVATE LIMITED,exact,100.0
INE0MA8,Infraschool Services Gurgaon Private Limited,INFRASCHOOL SERVICES GURGAON PRIVATE LIMITED,exact,100.0
INE0MCO,Alpha Design Technologies Private Limited,ALPHA DESIGN TECHNOLOGIES PRIVATE LIMITED,exact,100.0
INE0MEH,NewSpace Research and Technologies Private Limited,NEWSPACE RESEARCH & TECHNOLOGIES PRIVATE LIMITED,exact,100.0
INE0MGY,THOTH MALL AND COMMERCIAL REAL ESTATE PVT LTD,THOTH MALL AND COMMERCIAL REAL ESTATE PRIVATE LIMITED,exact,100.0
INE0MHC,WhizDM Finance Private Limited,WHIZDM FINANCE PRIVATE LIMITED,exact,100.0
INE0MIZ,Anzen India Energy Yield Plus Trust,ANZEN INDIA ENERGY YIELD PLUS TRUST,exact,100.0
INE0MJS,Azure Power (Gujrat) Private Limited,AZURE POWER (GUJRAT) PRIVATE LIMITED,exact,100.0
INE0MPX,VEH Srishti Energy Private Limited,VEH SRISHTI ENERGY PRIVATE LIMITED,exact,100.0
INE0MT2,NJ Capital Private Limited,NJ CAPITAL PRIVATE LIMITED,exact,100.0
INE0MW8,Milecon IT Park 3B Private Limited,MILECON IT PARK 3B PRIVATE LIMITED,exact,100.0
INE0MYJ,Progfin Private Limited,PROGFIN PRIVATE LIMITED,exact,100.0
INE0MYY,AMPIN C&I Five Private Limited,AMPIN C&I FIVE PRIVATE LIMITED,exact,100.0
INE0MZC,Upgrid Electrilease Private Limited,UPGRID ELECTRILEASE PRIVATE LIMITED,exact,100.0
INE0MZS,NEUBERG DIAGNOSTICS PRIVATE LIMITED,NEUBERG DIAGNOSTICS PRIVATE LIMITED,exact,100.0
INE0N1Z,RAJGARH TRANSMISSION LIMITED,RAJGARH TRANSMISSION LIMITED,exact,100.0
INE0N3V,SAIMIRRA INNOPHARM PRIVATE LIMITED,SAIMIRRA INNOPHARM PRIVATE LIMITED,exact,100.0
INE0N5B,Maxlite AAC Blocks (India) Private Limited,MAXLITE AAC BLOCKS (INDIA) PVT LTD,exact,100.0
INE0N5S,Samunnati Finance Private Limited,SAMUNNATI FINANCE PRIVATE LIMITED,exact,100.0
INE0N78,Intellismart Infrastructure Private Limited,INTELLISMART INFRASTRUCTURE PRIVATE LIMITED,exact,100.0
INE0N88,Gadag Transmission Limited,GADAG TRANSMISSION LIMITED,exact,100.0
INE0NDH,Nexus Select Trust,NEXUS SELECT TRUST,exact,100.0
INE0NE7,Adani Transmission Step-One Limited,ADANI TRANSMISSION STEP-ONE LIMITED,exact,100.0
INE0NES,Keertana Finserv Limited,KEERTANA FINSERV LIMITED,exact,100.0
INE0NF8,Provident Meryta Private Limited,PROVIDENT MERYTA PRIVATE LIMITED,exact,100.0
INE0NF9,Provident Cedar Pvt Ltd,PROVIDENT CEDAR PRIVATE LIMITED,exact,100.0
INE0NFI,SolarCraft Power India 2 Private Limited,SOLARCRAFT POWER INDIA 2 PRIVATE LIMITED,exact,100.0
INE0NG0,Imperial Lifestyle Private Limited,IMPERIAL LIFESTYLE PRIVATE LIMITED,exact,100.0
INE0NG1,Solarcraft Power India 3 Private Limited,SOLARCRAFT POWER INDIA 3 PRIVATE LIMITED,exact,100.0
INE0NI1,J.C. Flowers Asset Reconstruction Private Limited,J.C. FLOWERS ASSET RECONSTRUCTION PRIVATE LIMITED,exact,100.0
INE0NJ4,Shriprop Structures Private Limited,SHRIPROP STRUCTURES PRIVATE LIMITED,exact,100.0
INE0NPQ,ASSETZ INDUSTRIAL PARKS PRIVATE LIMITED,ASSETZ INDUSTRIAL PARKS PRIVATE LIMITED,exact,100.0
INE0NPR,Brit Logistics Private Limited,BRIT LOGISTICS PRIVATE LIMITED,exact,100.0
INE0NR6,CUBE HIGHWAYS TRUST,CUBE HIGHWAYS TRUST,exact,100.0
INE0NR9,SolarCraft Power India 9 Private Limited,SOLARCRAFT POWER INDIA 9 PRIVATE LIMITED,exact,100.0
INE0NRN,Swelect RE Power Private Limited,SWELECT RE POWER PRIVATE LIMITED,exact,100.0
INE0NRS,NSL GREEN STEEL RECYCLING LIMITED,NSL GREEN STEEL RECYCLING LIMITED,exact,100.0
INE0NU0,Aryatech Platforms Private Limited,ARYATECH PLATFORMS PRIVATE LIMITED,exact,100.0
INE0NWC,GPS Renewables Private Limited,GPS RENEWABLES PRIVATE LIMITED,exact,100.0
INE0NWD,VEH Mitra Energy Private Limited,VEH MITRA ENERGY PRIVATE LIMITED,exact,100.0
INE0NZM,Genome Valley Pharma Parks and Incubators Private Limited,GENOME VALLEY PHARMA PARKS AND INCUBATORS PRIVATE LIMITED,exact,100.0
INE0O08,BAM DLR MUMBAI PRIVATE LIMITED,BAM DLR MUMBAI PRIVATE LIMITED,exact,100.0
INE0O18,Lyfius Pharma Private Limited,LYFIUS PHARMA PVT LTD,exact,100.0
INE0O2P,Leap Agri Logistics (Pipavav) Private Limited,LEAP AGRI LOGISTICS (PIPAVAV) PVT LTD,exact,100.0
INE0O2U,Provident Housing Limited,PROVIDENT HOUSING LIMITED,exact,100.0
INE0O6L,Bhartiya City Residences Private Limited,BHARTIYA CITY RESIDENCES PRIVATE LIMITED,exact,100.0
INE0O7U,Unigold Finance Limited,UNIGOLD FINANCE LIMITED,exact,100.0
INE0OB6,Deepak Mining Solutions Limited,DEEPAK MINING SOLUTIONS LIMITED,exact,100.0
INE0OC9,Adani New Industries Limited,ADANI NEW INDUSTRIES LIMITED,exact,100.0
INE0OFR,IKAT Exports Private Limited,IKAT EXPORTS PRIVATE LIMITED,exact,100.0
INE0OHX,XSIO Warehousing Private Limited,XSIO WAREHOUSING PRIVATE LIMITED,exact,100.0
INE0OI2,Mehgama-Hansdiha Highways Limited,MEHGAMA-HANSDIHA HIGHWAYS LIMITED,exact,100.0
INE0OI3,URGA-PATHALGAON HIGHWAYS LIMITED,URGA-PATHALGAON HIGHWAYS LIMITED,exact,100.0
INE0OIW,Maradgi S Andola-Baswantpur Highways Limited,MARADGI S ANDOLA-BASWANTPUR HIGHWAYS LIMITED,exact,100.0
INE0OIX,KARIMNAGAR-WARANGAL HIGHWAYS LIMITED,KARIMNAGAR-WARANGAL HIGHWAYS LIMITED,exact,100.0
INE0OJ8,Ascendas It Park (Pune) Private Limited,ASCENDAS IT PARK (PUNE) PRIVATE LIMITED,exact,100.0
INE0OJY,AMPIN Energy Green Seven Private Limited,AMPIN ENERGY GREEN SEVEN PRIVATE LIMITED,exact,100.0
INE0OK8,Casagrand Hyderwise Private Limited,CASAGRAND HYDERWISE PRIVATE LIMITED,exact,100.0
INE0OKC,Weisshorn Realty Private Limited (Erstwhile Picard Angst India Private Limited),WEISSHORN REALTY PRIVATE LIMITED,exact,100.0
INE0ONG,NTPC Green Energy Limited,NTPC GREEN ENERGY LIMITED,exact,100.0
INE0OOQ,True Credits Private Limited,TRUE CREDITS PRIVATE LIMITED,exact,100.0
INE0ORP,HV FARMS PRIVATE LIMITED,HV FARMS PRIVATE LIMITED,exact,100.0
INE0OTB,Talettutayi Solar Projects Nine Private Limited,TALETTUTAYI SOLAR PROJECTS NINE PRIVATE LTD,exact,100.0
INE0OZ7,SI Interpack Private Limited,SI INTERPACK PRIVATE LIMITED,exact,100.0
INE0OZZ,LEAP Agri Logistics (Ludhiana) Private Limited,LEAP AGRI LOGISTICS (LUDHIANA) PVT LTD,exact,100.0
INE0P0J,Greenlam Limited,GREENLAM LIMITED,exact,100.0
INE0P14,Vivriti Capital Limited,VIVRITI CAPITAL LIMITED,exact,100.0
INE0P1K,Pimpri Chinchwad Municipal Corporation,PIMPRI CHINCHWAD MUNICIPAL CORPORATION,exact,100.0
INE0P2Z,Biodeal Pharmaceuticals Limited,BIODEAL PHARMACEUTICALS LIMITED,exact,100.0
INE0P3U,Acreage Builders Private Limited,ACREAGE BUILDERS PRIVATE LIMITED,exact,100.0
INE0P73,Kaabil Finance Private Limited,KAABIL FINANCE PRIVATE LIMITED,exact,100.0
INE0P76,Juniper Green Beam Private Limited,JUNIPER GREEN BEAM PRIVATE LIMITED,exact,100.0
INE0PAP,DUNDIGAL WASTE 2 ENERGY PRIVATE LIMITED,DUNDIGAL WASTE 2 ENERGY PRIVATE LIMITED,exact,100.0
INE0PF6,Shrivision Elevation Private Limited,SHRIVISION ELEVATION PRIVATE LIMITED,exact,100.0
INE0PGY,Kashi Tollway Private Limited,KASHI TOLLWAY PRIVATE LIMITED,exact,100.0
INE0PJR,IAV Utkarsh Limited,IAV UTKARSH LIMITED,exact,100.0
INE0PKB,KBP Mining Private Limited,KBP MINING PVT LTD,exact,100.0
INE0PM7,mPokket Financial Services Private Limited,MPOKKET FINANCIAL SERVICES PRIVATE LIMITED,exact,100.0
INE0PNI,ELDECO GREENS LIMITED,ELDECO GREENS LIMITED,exact,100.0
INE0PO5,Varishtha Property Developers Private Limited,VARISHTHA PROPERTY DEVELOPERS PRIVATE LIMITED,exact,100.0
INE0POA,Purva Sapphire Land Private Limited,PURVA SAPPHIRE LAND PRIVATE LIMITED,exact,100.0
INE0POL,Resonia Limited,RESONIA LIMITED,exact,100.0
INE0PPC,Juniper Green Cosmic Private Limited,JUNIPER GREEN COSMIC PRIVATE LIMITED,exact,100.0
INE0PPL,Juniper Green Gamma One Private Limited,JUNIPER GREEN GAMMA ONE PRIVATE LIMITED,exact,100.0
INE0PTI,GHAZIABAD WATER SOLUTIONS PRIVATE LIMITED,GHAZIABAD WATER SOLUTIONS PRIVATE LIMITED,exact,100.0
INE0PU6,Solarcraft Power India 21 Private Limited,SOLARCRAFT POWER INDIA 21 PRIVATE LIMITED,exact,100.0
INE0PXF,ILP 3 INDIA 14 PRIVATE LIMITED,ILP 3 INDIA 14 PRIVATE LIMITED,exact,100.0
INE0PXI,BENGALURU-VIJAYAWADA EXPRESSWAY PACKAGE-7 LIMITED,BENGALURU-VIJAYAWADA EXPRESSWAY PACKAGE-7 LIMITED,exact,100.0
INE0PXN,Winterfell Realty Private Limited,WINTERFELL REALTY PRIVATE LIMITED,exact,100.0
INE0PXQ,BENGALURU-VIJAYAWADA EXPRESSWAY PACKAGE-4 LIMITED,BENGALURU-VIJAYAWADA EXPRESSWAY PACKAGE-4 LIMITED,exact,100.0
INE0Q0R,BENGALURU-VIJAYAWADA EXPRESSWAY PACKAGE-1 LIMITED,BENGALURU-VIJAYAWADA EXPRESSWAY PACKAGE-1 LIMITED,exact,100.0
INE0Q62,VIRIDIS OFFICE PARK PRIVATE LIMITED,VIRIDIS OFFICE PARK PRIVATE LIMITED,exact,100.0
INE0Q7K,ADEPT RENEWABLE TECHNOLOGIES PRIVATE LIMITED,ADEPT RENEWABLE TECHNOLOGIES PRIVATE LIMITED,exact,100.0
INE0Q7L,TRANSITION ENERGY SERVICES PRIVATE LIMITED,TRANSITION ENERGY SERVICES PRIVATE LIMITED,exact,100.0
INE0Q7Q,NDR InvIT Trust,NDR INVIT TRUST,exact,100.0
INE0Q9V,Superform Chemistries Limited,SUPERFORM CHEMISTRIES LIMITED,exact,100.0
INE0QAL,Emine Realty Private Limited,EMINE REALTY PRIVATE LIMITED,exact,100.0
INE0QBF,XL XERGI POWER PRIVATE LIMITED,XL XERGI POWER PRIVATE LIMITED,exact,100.0
INE0QCG,Sanmar Shipping Limited,SANMAR SHIPPING LIMITED,exact,100.0
INE0QCS,Khavda-Bhuj Transmission Limited,KHAVDA-BHUJ TRANSMISSION LIMITED,exact,100.0
INE0QDW,Danub Homes Private Limited,DANUB HOMES PRIVATE LIMITED,exact,100.0
INE0QFL,Swelect Taiyo Energy Private Limited,SWELECT TAIYO ENERGY PRIVATE LIMITED,exact,100.0
INE0QJL,Thaai Casting Limited,THAAI CASTING LIMITED,exact,100.0
INE0QM2,Harmony Organics Private Limited,HARMONY ORGANICS PRIVATE LIMITED,exact,100.0
INE0QPN,DAC Developers Private Limited,DAC DEVELOPERS PRIVATE LIMITED,exact,100.0
INE0QSR,Skilworth Technologies Private Limited,SKILWORTH TECHNOLOGIES PRIVATE LIMITED,exact,100.0
INE0QST,MP Power Transmission Package-II Limited,MP POWER TRANSMISSION PACKAGE-II LIMITED,exact,100.0
INE0QVA,Lumbini Education Private Limited,LUMBINI EDUCATION PRIVATE LIMITED,exact,100.0
INE0QX2,Epsilon Advanced Materials Private Limited,EPSILON ADVANCED MATERIALS PRIVATE LIMITED,exact,100.0
INE0QYH,FP SAMRUDDI PRIVATE LIMITED,FP SAMRUDDI PRIVATE LIMITED,exact,100.0
INE0QZO,Epsilon Graphite Private Limited,EPSILON GRAPHITE PRIVATE LIMITED,exact,100.0
INE0R25,Moneygear Fintech Private Limited,MONEYGEAR FINTECH PRIVATE LIMITED,exact,100.0
INE0R7F,EVEY TRANS (MUM) PRIVATE LIMITED,EVEY TRANS (MUM) PVT LTD,exact,100.0
INE0R8O,Sustainable Energy Infra Trust,SUSTAINABLE ENERGY INFRA TRUST,exact,100.0
INE0R99,Cropnosys India Pvt Ltd,CROPNOSYS (INDIA) PRIVATE LIMITED,exact,100.0
INE0RC2,One Boat Club Constructions and Real Estate Private Limited,ONE BOAT CLUB CONSTRUCTIONS AND REAL ESTATE PRIVATE LIMITED,exact,100.0
INE0RDK,Futureworld Greenhomes Private Limited,FUTUREWORLD GREENHOMES PRIVATE LIMITED,exact,100.0
INE0RDL,AMPIN ENERGY GREEN THIRTEEN PRIVATE LIMITED (Formerly AMP Energy Green Thirteen Private Limited),AMPIN ENERGY GREEN THIRTEEN PRIVATE LIMITED,exact,100.0
INE0REV,Keyorbit Realtors Pvt. Ltd,KEYORBIT REALTORS PRIVATE LIMITED,exact,100.0
INE0RG5,Montecarlo Nagpur Smart Metering Private Limited,MONTECARLO NAGPUR SMART METERING PRIVATE LIMITED,exact,100.0
INE0RK7,Ola Cell Technologies Private Limited,OLA CELL TECHNOLOGIES PRIVATE LIMITED,exact,100.0
INE0RL7,Digital Edge DC (India) Private Limited,DIGITAL EDGE DC (INDIA) PRIVATE LIMITED,exact,100.0
INE0RSE,Epsilon C2GR Private Limited,EPSILON C2GR PRIVATE LIMITED,exact,100.0
INE0RSP,NAVADHAN CAPITAL PRIVATE LIMITED,NAVADHAN CAPITAL PRIVATE LIMITED,exact,100.0
INE0RU4,GMR Visakhapatnam International Airport Limited,GMR VISAKHAPATNAM INTERNATIONAL AIRPORT LIMITED,exact,100.0
INE0RUH,Vishwa Samudra Engineering Private Limited,VISHWA SAMUDRA ENGINEERING PRIVATE LIMITED,exact,100.0
INE0RV7,Adani Renewable Energy Forty One Limited,ADANI RENEWABLE ENERGY FORTY ONE LIMITED,exact,100.0
INE0RYN,TRANSITION CLEANTECH SERVICES PRIVATE LIMITED,TRANSITION CLEANTECH SERVICES PRIVATE LIMITED,exact,100.0
INE0S3L,MS Fincap Private Limited,MS FINCAP PRIVATE LIMITED,exact,100.0
INE0S56,Kokhraj Handia Expressway Private Limited,KOKHRAJ HANDIA EXPRESSWAY PRIVATE LIMITED,exact,100.0
INE0S76,UNICO HOUSING FINANCE PRIVATE LIMITED,UNICO HOUSING FINANCE PRIVATE LIMITED,exact,100.0
INE0S86,Altena Management Private Limited,ALTENA MANAGEMENT PRIVATE LIMITED,exact,100.0
INE0S9J,ABC Cleantech Private Limited,ABC CLEANTECH PRIVATE LIMITED,exact,100.0
INE0SEE,Swelect Clean Energy Private Limited,SWELECT CLEAN ENERGY PRIVATE LIMITED,exact,100.0
INE0SFN,Dakshin Gujarat Smart Metering Private Limited,DAKSHIN GUJARAT SMART METERING PRIVATE LIMITED,exact,100.0
INE0SIG,Khavda II-A Transmission Limited,KHAVDA II-A TRANSMISSION LIMITED,exact,100.0
INE0SQ9,Oyster Green Hybrid One Private Limited,OYSTER GREEN HYBRID ONE PRIVATE LIMITED,exact,100.0
INE0SRE,Purva Oak Private Limited,PURVA OAK PRIVATE LIMITED,exact,100.0
INE0SU5,Serentica Renewables India 9 Private Limited,SERENTICA RENEWABLES INDIA 9 PRIVATE LIMITED,exact,100.0
INE0SUF,CIEL HR Services Limited,CIEL HR SERVICES LIMITED,exact,100.0
INE0SZ9,Sahyadri Farmers Producer Company Limited,SAHYADRI FARMERS PRODUCER COMPANY LIMITED,exact,100.0
INE0T3T,Paschimanchal Infrastructure Private Limited,PASCHIMANCHAL INFRASTRUCTURE PRIVATE LIMITED,exact,100.0
INE0T3Y,Ramkrishna Forgings Limited,RAMKRISHNA FORGINGS LTD,exact,100.0
INE0T6U,Wildlotus Fashions Private Limited,WILDLOTUS FASHIONS PRIVATE LIMITED,exact,100.0
INE0T79,Rajkot Municipal Corporation,RAJKOT MUNICIPAL CORPORATION,exact,100.0
INE0T7L,Assam Smart Metering Private Limited,ASSAM SMART METERING PRIVATE LIMITED,exact,100.0
INE0T7Z,Madhyanchal One Infrastructure Private Limited,MADHYANCHAL ONE INFRASTRUCTURE PRIVATE LIMITED,exact,100.0
INE0TBH,AMPIN Energy C&I Twenty One Private Limited,AMPIN ENERGY C&I TWENTY ONE PRIVATE LIMITED,exact,100.0
INE0TBY,AMPIN Energy C&I Seventeen Private Limited,AMPIN ENERGY C&I SEVENTEEN PRIVATE LIMITED,exact,100.0
INE0TCC,AMPIN Energy C&I Twenty Two Private Limited,AMPIN ENERGY C&I TWENTY TWO PRIVATE LIMITED,exact,100.0
INE0TDU,EPIC TRANSNET INFRASTRUCTURE PRIVATE LIMITED (Formerly WATRAK INFRASTRUCTURE PRIVATE LIMITED),EPIC TRANSNET INFRASTRUCTURE PRIVATE LIMITED,exact,100.0
INE0TDV,Delhi Hapur Meerut Expressway Private Limited,DELHI HAPUR MEERUT EXPRESSWAY PRIVATE LIMITED,exact,100.0
INE0THG,AMPIN Energy C&I Twenty Private Limited,AMPIN ENERGY C&I TWENTY PRIVATE LIMITED,exact,100.0
INE0TLC,The Andhra Pradesh Mineral Development Corporation Ltd.,THE ANDHRA PRADESH MINERAL DEVELOPMENT CORPORATION LIMITED,exact,100.0
INE0TO8,Emerald Haven Life Spaces 2 Private Limited,EMERALD HAVEN LIFE SPACES 2 PRIVATE LIMITED,exact,100.0
INE0TQ2,AVAADA GJSUSTAINABLE PRIVATE LIMITED,AVAADA GJSUSTAINABLE PRIVATE LIMITED,exact,100.0
INE0TQI,360 One Alternates Asset Management Limited,360 ONE ALTERNATES ASSET MANAGEMENT LIMITED,exact,100.0
INE0TR4,EPIC CONCESIONES 2 PRIVATE LIMITED,EPIC CONCESIONES 2 PRIVATE LIMITED,exact,100.0
INE0TT4,Kimbal Private Limited,KIMBAL PRIVATE LIMITED,exact,100.0
INE0TUZ,ACME SIKAR SOLAR PRIVATE LIMITED,ACME SIKAR SOLAR PRIVATE LIMITED,exact,100.0
INE0TV2,Emerald Haven Life Spaces 3 Private Limited,EMERALD HAVEN LIFE SPACES 3 PRIVATE LIMITED,exact,100.0
INE0TW0,LionLender Finance Private Limited,LIONLENDER FINANCE PRIVATE LIMITED,exact,100.0
INE0TZD,AMPLE PARKS PROJECT 1 PRIVATE LIMITED,AMPLE PARKS PROJECT 1 PRIVATE LIMITED,exact,100.0
INE0U29,O2 Renewable Energy XVI Private Limited,O2 RENEWABLE ENERGY XVI PRIVATE LIMITED,exact,100.0
INE0U48,Grainfuel Distilleries Private Limited,GRAINFUEL DISTILLERIES PRIVATE LIMITED,exact,100.0
INE0U4A,AMPIN Energy Utility Private Limited,AMPIN ENERGY UTILITY PRIVATE LIMITED,exact,100.0
INE0U8Y,O2 Renewable Energy XI Private Limited,O2 RENEWABLE ENERGY XI PRIVATE LIMITED,exact,100.0
INE0U9T,CURATEQ BIOLOGICS PRIVATE LIMITED,CURATEQ BIOLOGICS PRIVATE LIMITED,exact,100.0
INE0U9Z,O2 Renewable Energy XVII Private Limited,O2 RENEWABLE ENERGY XVII PRIVATE LIMITED,exact,100.0
INE0UAP,AUROACTIVE PHARMA PRIVATE LIMITED,AUROACTIVE PHARMA PRIVATE LIMITED,exact,100.0
INE0UEE,ABC RENEWABLE ENERGY (RJ-02) PRIVATE LIMITED,ABC RENEWABLE ENERGY (RJ-02) PRIVATE LIMITED,exact,100.0
INE0UKL,JGRJ SOLAR PRIVATE LIMITED,JGRJ SOLAR PRIVATE LIMITED,exact,100.0
INE0UNR,Ola Electric Technologies Private Limited,OLA ELECTRIC TECHNOLOGIES PRIVATE LIMITED,exact,100.0
INE0UO1,APG Industrial Conglomerate Private Limited,APG INDUSTRIAL CONGLOMERATE PRIVATE LIMITED,exact,100.0
INE0UP2,THERANYM BIOLOGICS PRIVATE LIMITED,THERANYM BIOLOGICS PRIVATE LIMITED,exact,100.0
INE0UPE,EUGIA STERILES PRIVATE LIMITED,EUGIA STERILES PRIVATE LIMITED,exact,100.0
INE0UU9,Solarcraft Power India 23 Private Limited,SOLARCRAFT POWER INDIA 23 PRIVATE LIMITED,exact,100.0
INE0UUC,Solarcraft Power India 25 Private Limited,SOLARCRAFT POWER INDIA 25 PRIVATE LIMITED,exact,100.0
INE0V63,AMPIN Energy C&I Twenty Three Private Limited,AMPIN ENERGY C&I TWENTY THREE PRIVATE LIMITED,exact,100.0
INE0VEQ,Hexa Climate Solutions Private Limited,HEXA CLIMATE SOLUTIONS PRIVATE LIMITED,exact,100.0
INE0VI9,Shreetech Data Limited,SHREETECH DATA LIMITED,exact,100.0
INE0W2G,Sagility Limited,SAGILITY LIMITED,exact,100.0
INE0W2J,IndianOil Adani Gas Private Limited,INDIANOIL - ADANI GAS PRIVATE LIMITED,exact,100.0
INE0WE3,VYOMAN INFRAPROJECTS PRIVATE LIMITED,VYOMAN INFRAPROJECTS PRIVATE LIMITED,exact,100.0
INE0WKC,OYSTER GREEN HYBRID TWO PRIVATE LIMITED,OYSTER GREEN HYBRID TWO PRIVATE LIMITED,exact,100.0
INE0WOV,SM Square Credit Services Private Limited,SM SQUARE CREDIT SERVICES PRIVATE LIMITED,exact,100.0
INE0WVX,St.Michael'S Educational Services Private Limited,ST. MICHAEL'S EDUCATIONAL SERVICES PRIVATE LIMITED,exact,100.0
INE0WYW,AMPIN Energy Green Ten Private Limited (Formerly AMP Energy Green Ten Private Limited),AMPIN ENERGY GREEN TEN PRIVATE LIMITED,exact,100.0
INE0X0T,MGM Biofuels Private Limited,MGM BIOFUELS PRIVATE LIMITED,exact,100.0
INE0XAA,3B Advanced Composites Private Limited,3B ADVANCED COMPOSITES PRIVATE LIMITED,exact,100.0
INE0XOK,Juniper Green Kite Private Limited,JUNIPER GREEN KITE PRIVATE LIMITED,exact,100.0
INE0XUB,Pune Kharadi Tower Private Limited,PUNE KHARADI TOWER PRIVATE LIMITED,exact,100.0
INE0XWU,Bagur Logistics Park Private Limited,BAGUR LOGISTICS PARK PRIVATE LIMITED,exact,100.0
INE0YL8,SYNTHIMED LABS PRIVATE LIMITED,SYNTHIMED LABS PRIVATE LIMITED,exact,100.0
INE0YOO,Panvel Logistics And Warehousing Solutions Private Limited,PANVEL LOGISTICS AND WAREHOUSING SOLUTIONS PRIVATE LIMITED,exact,100.0
INE0YRB,Adani Transmission Step-Two Limited,ADANI TRANSMISSION STEP-TWO LIMITED,exact,100.0
INE0YTY,Regreen-Excel EPC India Ltd,REGREEN-EXCEL EPC INDIA LIMITED,exact,100.0
INE0Z48,Cyqure India Private Limited,CYQURE INDIA PRIVATE LIMITED,exact,100.0
INE0Z8Z,Capital Infra Trust,CAPITAL INFRA TRUST,exact,100.0
INE0ZWG,Nykaa E- Retail Limited,NYKAA E- RETAIL LIMITED,exact,100.0
INE101A,Mahindra & Mahindra Limited,MAHINDRA AND MAHINDRA LIMITED,exact,100.0
INE101P,Crystal Crop Protection Limited,CRYSTAL CROP PROTECTION LIMITED,exact,100.0
INE101Q,Muthoot MCred Limited (erstwhile Muthoottu Mini Financiers Limited),MUTHOOT MCRED LIMITED,exact,100.0
INE102N,IRB Ahmedabad Vadodara Super Express Tollway Private Limited,IRB AHMEDABAD VADODARA SUPER EXPRESS TOLLWAY PRIVATE LIMITED,exact,100.0
INE103A,Mangalore Refinery and Petrochemicals Limited,MANGALORE REFINERY AND PETROCHEMICALS LIMITED,exact,100.0
INE103C,SMC Global Securities Ltd.,SMC GLOBAL SECURITIES LIMITED,exact,100.0
INE103D,Bharat Sanchar Nigam Limited,BHARAT SANCHAR NIGAM LIMITED,exact,100.0
INE103Q,Associated Broadcasting Company Pvt Ltd,ASSOCIATED BROADCASTING COMPANY PRIVATE LTD.,exact,100.0
INE105A,TVS Holdings Limited,TVS HOLDINGS LIMITED,exact,100.0
INE105I,SEL Manufacturing Company Limited,SEL MANUFACTURING COMPANY LIMITED,exact,100.0
INE105N,Oriental Nagpur Betul Highway Limited,ORIENTAL NAGPUR BETUL HIGHWAY LIMITED,exact,100.0
INE105U,Haldia Petrochemicals Limited,HALDIA PETROCHEMICALS LIMITED,exact,100.0
INE108V,Awfis Space Solutions Limited (Formerly Awfis Space Solutions Private Limited),AWFIS SPACE SOLUTIONS LIMITED,exact,100.0
INE109C,Arman Financial Services Limited,ARMAN FINANCIAL SERVICES LIMITED,exact,100.0
INE10A7,Respo Financial Capital Private Limited,RESPO FINANCIAL CAPITAL PRIVATE LIMITED,exact,100.0
INE10AV,Pacifica (India) Projects Private Limited,PACIFICA (INDIA) PROJECTS PRIVATE LIMITED,exact,100.0
INE10P8,S Gupta Homes Private Limited,S GUPTA HOMES PRIVATE LIMITED,exact,100.0
INE10R3,LUXON MOTORS PRIVATE LIMITED,LUXON MOTORS PRIVATE LIMITED,exact,100.0
INE10YJ,Adamas Builders Private Limited,ADAMAS BUILDERS PRIVATE LIMITED,exact,100.0
INE110Y,Impresario Entertainment and Hospitality Private Limited,IMPRESARIO ENTERTAINMENT AND HOSPITALITY PRIVATE LIMITED,exact,100.0
INE112A,Union Bank of India,UNION BANK OF INDIA,exact,100.0
INE114M,Srinagar Banihal Expressway Ltd,SRINAGAR BANIHAL EXPRESSWAY LIMITED,exact,100.0
INE115A,LIC Housing Finance Limited,LIC HOUSING FINANCE LTD,exact,100.0
INE115V,Solarcraft Mahasolar Private Limited,SOLARCRAFT MAHASOLAR PRIVATE LIMITED,exact,100.0
INE116K,CSJ Infrastructure Private Limited,CSJ INFRASTRUCTURE PRIVATE LIMITED,exact,100.0
INE116O,Bothe Windfarm Development Private Limited,BOTHE WINDFARM DEVELOPMENT PRIVATE LIMITED,exact,100.0
INE117E,Ahmedabad Municipal Corporation,AHMEDABAD MUNICIPAL CORPORATION,exact,100.0
INE118D,Nuvoco Vistas Corporation Limited,NUVOCO VISTAS CORPORATION LIMITED,exact,100.0
INE119J,Care Health Insurance Limited,CARE HEALTH INSURANCE LIMITED,exact,100.0
INE119L,Bangalore Airport Hotel Limited,BANGALORE AIRPORT HOTEL LIMITED,exact,100.0
INE119V,Union Buildmart Private Limited,UNION BUILDMART PRIVATE LIMITED,exact,100.0
INE11EJ,Brain Builder Era Foundation,BRAIN BUILDER ERA FOUNDATION,exact,100.0
INE11NE,Solalite Power Private Limited,SOLALITE POWER PRIVATE LIMITED,exact,100.0
INE11RT,WORTGAGE FINANCE PRIVATE LIMITED,WORTGAGE FINANCE PRIVATE LIMITED,exact,100.0
INE121A,Cholamandalam Investment and Finance Company Limited,CHOLAMANDALAM INVESTMENT AND FINANCE COMPANY LIMITED,exact,100.0
INE121E,JSW Energy Limited,JSW ENERGY LIMITED,exact,100.0
INE121H,IL&FS Financial Services Limited,IL&FS FINANCIAL SERVICES LIMITED,exact,100.0
INE123Z,Frontier Warehousing Limited,FRONTIER WAREHOUSING LIMITED,exact,100.0
INE124N,SK Finance Limited,SK FINANCE LIMITED,exact,100.0
INE124R,SEI Suryalabh Private Limited,SEI SURYALABH PRIVATE LIMITED,exact,100.0
INE124W,Solarcraft Babadham Private Limited (Formerly Acme Babadham Solar Power Private Limited),SOLARCRAFT BABADHAM PRIVATE LIMITED,exact,100.0
INE124X,HCY Industrial Parks Private Limited,HCY INDUSTRIAL PARKS PRIVATE LIMITED,exact,100.0
INE125T,Varthana Finance Private Limited (erstwhile Thirumeni Finance Private Limited),VARTHANA FINANCE PRIVATE LIMITED,exact,100.0
INE125W,Solarcraft Kaithal Private Limited (Formerly ACME Kaithal Solar Power Private Limited),SOLARCRAFT KAITHAL PRIVATE LIMITED,exact,100.0
INE126R,SEI Sitara Private Limited,SEI SITARA PRIVATE LIMITED,exact,100.0
INE126W,Solarcraft Koppal Private Limited (Formerly Acme Koppal Solar Energy Private Limited),SOLARCRAFT KOPPAL PRIVATE LIMITED,exact,100.0
INE127K,Nomura Fixed Income Securities Limited,NOMURA FIXED INCOME SECURITIES LIMITED,exact,100.0
INE127V,Parampujya Solar Energy Limited,PARAMPUJYA SOLAR ENERGY PRIVATE LIMITED,exact,100.0
INE127W,Solarcraft Vijayapura Private Limited (Formerly ACME Vijaypura Solar Energy Private Limited),SOLARCRAFT VIJAYAPURA PRIVATE LIMITED,exact,100.0
INE128M,L&T Metro Rail (Hyderabad) Limited,L&T METRO RAIL (HYDERABAD) LIMITED,exact,100.0
INE128S,Five-Star Business Finance Limited,FIVE-STAR BUSINESS FINANCE LIMITED,exact,100.0
INE129A,GAIL (India) Limited,GAIL (INDIA) LIMITED,exact,100.0
INE12J2,Malabar Commercial Plaza Private Limited,MALABAR COMMERCIAL PLAZA PRIVATE LIMITED,exact,100.0
INE12KF,Jain Resource Recycling Limited,JAIN RESOURCE RECYCLING PRIVATE LIMITED,exact,100.0
INE12P8,Sheel Oil And Fats Private Limited,SHEEL OIL & FATS PRIVATE LIMITED,exact,100.0
INE12VA,Branch International Financial Services Private Limited,BRANCH INTERNATIONAL FINANCIAL SERVICES PRIVATE LIMITED,exact,100.0
INE12W7,Ecobox Industrials Asset I Private Limited,ECOBOX INDUSTRIALS ASSET I PRIVATE LIMITED,exact,100.0
INE12W8,Indospace Chittoor II Private Limited,INDOSPACE CHITTOOR II PRIVATE LIMITED,exact,100.0
INE12WW,Indospace Chittoor Private Limited,INDOSPACE CHITTOOR PRIVATE LIMITED,exact,100.0
INE130C,Revent Precision Engineering Limited,REVENT PRECISION ENGINEERING LIMITED,exact,100.0
INE130X,Antariksh Warehousing and Logistics Parks Private Limited,ANTARIKSH WAREHOUSING AND LOGISTIC PARKS PRIVATE LIMITED,fuzzy,98.6
INE134E,Power Finance Corporation Ltd.,POWER FINANCE CORPORATION LIMITED,exact,100.0
INE134Y,Ranastalam Anandapuram Road Limited,RANASTALAM ANANDAPURAM ROAD LIMITED,exact,100.0
INE136S,Neogen Chemicals Limited,NEOGEN CHEMICALS LIMITED,exact,100.0
INE136W,DAKSHIN ODISHA URJA PRIVATE LIMITED,DAKSHIN ODISHA URJA PRIVATE LIMITED,exact,100.0
INE137K,HPCL-Mittal Energy Limited,HPCL-MITTAL ENERGY LIMITED,exact,100.0
INE139F,Konkan Railway Corporation Limited,KONKAN RAILWAY CORPORATION LIMITED,exact,100.0
INE139R,Fusion Finance Limited,FUSION FINANCE LIMITED,exact,100.0
INE13R4,Sidhe Petrochemicals Private Limited,SIDHE PETROCHEMICALS PRIVATE LIMITED,exact,100.0
INE140A,Piramal Finance Limited (formerly Piramal Capital & Housing Finance Limited),PIRAMAL FINANCE LIMITED,exact,100.0
INE140W,UP Koraun Urja Private Limited,UP KORAUN URJA PRIVATE LIMITED,exact,100.0
INE141W,UP MEHRAUNI I URJA PRIVATE LIMITED,UP MEHRAUNI - I URJA PRIVATE LIMITED,exact,100.0
INE142W,UP MEHRAUNI - II URJA PRIVATE LIMITED,UP MEHRAUNI - II URJA PRIVATE LIMITED,exact,100.0
INE143W,UP SARILA URJA PRIVATE LIMITED,UP SARILA URJA PRIVATE LIMITED,exact,100.0
INE144W,VENTO POWER & ENERGY LIMITED,VENTO POWER & ENERGY LIMITED,exact,100.0
INE145M,Baharampore-Farakka Highways Limited,BAHARAMPORE-FARAKKA HIGHWAYS LIMITED,exact,100.0
INE145N,Qube Cinema Technologies Private Limited,QUBE CINEMA TECHNOLOGIES PRIVATE LIMITED,exact,100.0
INE145W,Vento Power Projects Private Limited,VENTO POWER PROJECTS PRIVATE LIMITED,exact,100.0
INE146O,Hinduja Leyland Finance Limited,HINDUJA LEYLAND FINANCE LIMITED,exact,100.0
INE146W,FLEXIRURAL URJA JALGAON LIMITED,FLEXIRURAL URJA JALGAON LIMITED,exact,100.0
INE147A,Southern Petrochemical Industries Corporation Limited,SOUTHERN PETROCHEMICAL INDUSTRIES CORPORATION LIMITED,exact,100.0
INE147X,ELEVATE CAMPUSES LIMITED (Formerly Good Host Spaces Private Limited),ELEVATE CAMPUSES LIMITED,exact,100.0
INE148I,Sammaan Capital Limited,SAMMAAN CAPITAL LIMITED,exact,100.0
INE148N,Shyam Steel Industries Limited,SHYAM STEEL INDUSTRIES LIMITED,exact,100.0
INE148T,Casa Grande Civil Engineering Private Limited,CASA GRANDE CIVIL ENGINEERING PRIVATE LIMITED,exact,100.0
INE149V,Mytrah Agriya Power Private Limited,MYTRAH AGRIYA POWER PRIVATE LIMITED,exact,100.0
INE14AU,White Bus Transit Private Limited,WHITE BUS TRANSIT PRIVATE LIMITED,exact,100.0
INE14LE,Aditya Birla Lifestyle Brands Limited,ADITYA BIRLA LIFESTYLE BRANDS LIMITED,exact,100.0
INE14O9,Pigott Developers Pvt Ltd,PIGOTT DEVELOPERS PRIVATE LIMITED,exact,100.0
INE14OA,PIGOTT REALTY PRIVATE LIMITED,PIGOTT REALTY PRIVATE LIMITED,exact,100.0
INE14XS,Veolia India Private Limited,VEOLIA INDIA PRIVATE LIMITED,exact,100.0
INE151A,Tata Communications Limited,TATA COMMUNICATIONS LIMITED,exact,100.0
INE152D,Numaligarh Refinery Limited,NUMALIGARH REFINERY LTD,exact,100.0
INE153A,Mahanagar Telephone Nigam Limited,MAHANAGAR TELEPHONE NIGAM LIMITED,exact,100.0
INE153X,IndoSpace Park Chakan 1 Phase 2A Private limited(Erstwhile Rohan Realtors (Pune) Private Limited),INDOSPACE PARK CHAKAN 1 PHASE 2A PRIVATE LIMITED,exact,100.0
INE154W,Amplus Power Solutions Private Limited,AMPLUS POWER SOLUTIONS PRIVATE LIMITED,exact,100.0
INE154X,IndoSpace Park Chakan 1 Phase 2B Private Limited(Erstwhile Rohan Cityscape Private Limited),INDOSPACE PARK CHAKAN 1 PHASE 2B PRIVATE LIMITED,exact,100.0
INE155A,Tata Motors Passenger Vehicles Limited,TATA MOTORS PASSENGER VEHICLES LIMITED,exact,100.0
INE155V,Adani Green Energy (UP) Limited,ADANI GREEN ENERGY (UP) LIMITED,exact,100.0
INE157D,Clix Capital Services Private Limited,CLIX CAPITAL SERVICES PRIVATE LIMITED,exact,100.0
INE158N,SEI Solar Energy Private Limited,SEI SOLAR ENERGY PVT LTD,exact,100.0
INE15A1,BANGALORE BP 2 PRIVATE LIMITED,BANGALORE BP 2 PRIVATE LIMITED,exact,100.0
INE15A2,BANGALORE BP 3 PRIVATE LIMITED,BANGALORE BP 3 PRIVATE LIMITED,exact,100.0
INE15LT,Juniper Green Ray Two Private Limited,JUNIPER GREEN RAY TWO PRIVATE LIMITED,exact,100.0
INE15PY,Truere Green Private Limited,TRUERE GREEN PRIVATE LIMITED,exact,100.0
INE15PZ,Truere Social Private Limited,TRUERE SOCIAL PRIVATE LIMITED,exact,100.0
INE15WA,WOLP II Warehouse VA Private Limited,WOLP II WAREHOUSE VA PRIVATE LIMITED,exact,100.0
INE15WB,Wolp II Warehouse VIA Pvt Ltd,WOLP II WAREHOUSE VIA PRIVATE LIMITED,exact,100.0
INE160A,Punjab National Bank,PUNJAB NATIONAL BANK,exact,100.0
INE161J,BILT Graphic Paper Products Limited,BILT GRAPHIC PAPER PRODUCTS LTD,exact,100.0
INE163N,ONGC Petro additions Limited,ONGC PETRO ADDITIONS LIMITED,exact,100.0
INE163R,NRSS XXXI (B) Transmission Limited,NRSS XXXI (B) TRANSMISSION LIMITED,exact,100.0
INE164Y,Dewas Bypass Tollway Private Limited,DEWAS BYPASS TOLLWAY PRIVATE LIMITED,exact,100.0
INE165U,NABKISAN Finance Limited,NABKISAN FINANCE LIMITED,exact,100.0
INE168A,The Jammu and Kashmir Bank Limited,THE JAMMU AND KASHMIR BANK LIMITED,exact,100.0
INE168R,Alliance Infrastructure Projects Private Limited,ALLIANCE INFRASTRUCTURE PROJECTS PRIVATE LIMITED,exact,100.0
INE168X,National Insurance Co. Limited.,NATIONAL INSURANCE COMPANY LIMITED,exact,100.0
INE169L,Arliga Azure Projects Private Limited,ARLIGA AZURE PROJECTS PRIVATE LIMITED,exact,100.0
INE169M,Shiga Energy Private Limited,SHIGA ENERGY PRIVATE LIMITED,exact,100.0
INE16IT,Praviz Developers Private Limited,PRAVIZ DEVELOPERS PRIVATE LIMITED,exact,100.0
INE16OZ,Lulu Financial Services (India) Private Limited,LULU FINANCIAL SERVICES (INDIA) PRIVATE LIMITED,exact,100.0
INE171A,The Federal Bank Limited,THE FEDERAL BANK LIMITED,exact,100.0
INE175A,Jain Irrigation Systems Limited,JAIN IRRIGATION SYSTEMS LIMITED,exact,100.0
INE1781,Adage Automation Private Limited,ADAGE AUTOMATION PRIVATE LIMITED,exact,100.0
INE179P,Dvara Kshetriya Gramin Financial Services Private Limited,DVARA KSHETRIYA GRAMIN FINANCIAL SERVICES PRIVATE LIMITED,exact,100.0
INE179W,MH Parbhani Power Private Limited,MH PARBHANI POWER PRIVATE LIMITED,exact,100.0
INE17K1,Vagishwari Land Developers Private Limited,VAGISHWARI LAND DEVELOPERS PRIVATE LIMITED,exact,100.0
INE17P6,Arliga 45Icon Business Parks Private Limited,ARLIGA 45ICON BUSINESS PARKS PRIVATE LIMITED,exact,100.0
INE17U5,AMBALE INDUSTRIAL AND LOGISTICS PARKS PRIVATE LIMITED,AMBALE INDUSTRIAL AND LOGISTICS PARKS PRIVATE LIMITED,exact,100.0
INE17UQ,Kalra Overseas & Precision Engineering Limited,KALRA OVERSEAS & PRECISION ENGINEERING LIMITED,exact,100.0
INE17VI,Twenty First Century Mining Private Limited,TWENTY FIRST CENTURY MINING PRIVATE LIMITED,exact,100.0
INE180C,Capri Global Capital Limited,CAPRI GLOBAL CAPITAL LIMITED,exact,100.0
INE183W,IRB Invit Fund,IRB INVIT FUND,exact,100.0
INE1863,Chinnambedu Industrial and Logistics Parks Private Limited,CHINNAMBEDU INDUSTRIAL AND LOGISTICS PARKS PRIVATE LIMITED,exact,100.0
INE186K,DLF Cyber City Developers Limited,DLF CYBER CITY DEVELOPERS LTD,exact,100.0
INE187W,VENTO POWER PRIVATE LIMITED,VENTO POWER PRIVATE LIMITED,exact,100.0
INE18MJ,LI Industrial Parks Private Limited,LI INDUSTRIAL PARKS PRIVATE LIMITED,exact,100.0
INE18UV,Bajaj Auto Credit Limited,BAJAJ AUTO CREDIT LIMITED,exact,100.0
INE191B,Welspun Corp Limited,WELSPUN CORP LIMITED,exact,100.0
INE192U,Kogta Financial India Limited,KOGTA FINANCIAL (INDIA) LIMITED,exact,100.0
INE195Q,Bhanuenergy Industrial Development Limited,BHANUENERGY INDUSTRIAL DEVELOPMENT LIMITED,exact,100.0
INE196P,360 ONE Portfolio Managers Limited,360 ONE PORTFOLIO MANAGERS LIMITED,exact,100.0
INE198I,Provenance Land Private Limited,PROVENANCE LAND PVT LTD,exact,100.0
INE198M,Quadron Business Park Private Limited,QUADRON BUSINESS PARK PRIVATE LIMITED,exact,100.0
INE198W,Vento Energy Infra Limited(Formerly Vento Energy Infra Private Limited),VENTO ENERGY INFRA LIMITED,exact,100.0
INE19A2,Arliga Ecoworld Business Parks Private Limited,ARLIGA ECOWORLD BUSINESS PARKS PRIVATE LIMITED,exact,100.0
INE19J8,Shri Varadaraja Industrial and Logistics Park Private Limited,SHRI VARADARAJA INDUSTRIAL AND LOGISTICS PARK PRIVATE LIMITED,exact,100.0
INE19W2,BN Peak Power -1 Private Limited,BN PEAK POWER-1 PRIVATE LIMITED,exact,100.0
INE1A4Z,Farmson Basic Drugs Private Limited,FARMSON BASIC DRUGS PRIVATE LIMITED,exact,100.0
INE1BAJ,Shri Kamakshi Logicity Private Limited,SHRI KAMAKSHI LOGICITY PRIVATE LIMITED,exact,100.0
INE1BC0,Sadbhav Futuretech Limited,SADBHAV FUTURETECH LIMITED,exact,100.0
INE1BEC,Gaursons India Private Limited,GAURSONS  INDIA PRIVATE LIMITED,exact,100.0
INE1C2S,WOLP II Tauru Private Limited,WOLP II TAURU PRIVATE LIMITED,exact,100.0
INE1C32,Telangana State Industrial Infrastructure Corporation Limited,TELANGANA STATE INDUSTRIAL INFRASTRUCTURE CORPORATION LIMITED,exact,100.0
INE1CMS,Pinnacle Biomed Private Limited,PINNACLE BIOMED PRIVATE LIMITED,exact,100.0
INE1CUT,Hiveloop Capital Private Limited,HIVELOOP CAPITAL PRIVATE LIMITED,exact,100.0
INE1CVN,PUNE BP DEVELOPMENT PRIVATE LIMITED,PUNE BP DEVELOPMENT PRIVATE LIMITED,exact,100.0
INE1CWS,JSW UAV Limited,JSW UAV LIMITED,exact,100.0
INE1D4O,Jubilant Beverages Limited,JUBILANT BEVERAGES LIMITED,exact,100.0
INE1DHF,CONNECTIVE INDUSTRIAL AND LOGISTICS PARKS PRIVATE LIMITED,CONNECTIVE INDUSTRIAL AND LOGISTICS PARKS PRIVATE LIMITED,exact,100.0
INE1E7C,VAF AERO SYSTEMS PRIVATE LIMITED,VAF AERO SYSTEMS PRIVATE LIMITED,exact,100.0
INE1ED6,Touax Texmaco Railcar Leasing Private Limited,TOUAX TEXMACO RAILCAR LEASING PRIVATE LIMITED,exact,100.0
INE1ETR,Leela BKC Holdings Private Limited,LEELA BKC HOLDINGS PRIVATE LIMITED,exact,100.0
INE1FBH,Ashoka Distillers and Chemicals Private Limited,ASHOKA DISTILLERS AND CHEMICALS PRIVATE LIMITED,exact,100.0
INE1FDW,Ceres Hotels Private Limited,CERES HOTELS PRIVATE LIMITED,exact,100.0
INE1FX4,Buildcast Solutions Private Limited,BUILDCAST SOLUTIONS PRIVATE LIMITED,exact,100.0
INE1G75,Amica Finance Private Limited,AMICA FINANCE PRIVATE LIMITED,exact,100.0
INE1GRE,TN THANGAMAALIGAI PRIVATE LIMITED (Formerly TN Thangamaaligai Limited Liability Partnership),TN THANGAMAALIGAI PRIVATE LIMITED,exact,100.0
INE1GXK,Experion Developers Private Limited,EXPERION DEVELOPERS PRIVATE LIMITED,exact,100.0
INE1HCO,Bear House Clothing Private Limited,BEAR HOUSE CLOTHING PRIVATE LIMITED,exact,100.0
INE1HQN,Reliance New Energy Battery Limited,RELIANCE NEW ENERGY BATTERY LIMITED,exact,100.0
INE1HRN,MAHAPRABHU PROJECTS PRIVATE LIMITED,MAHAPRABHU PROJECTS PRIVATE LIMITED,exact,100.0
INE1I47,Junobo Hotels Private Limited,JUNOBO HOTELS PRIVATE LIMITED,exact,100.0
INE1ICF,Truere Ocean Private Limited,TRUERE OCEAN PRIVATE LIMITED,exact,100.0
INE1J5H,2Getherments Infra Private Limited,2GETHERMENTS INFRA PRIVATE LIMITED,exact,100.0
INE1J8D,Goma Engineering Private Limited,GOMA ENGINEERING PVT LTD,exact,100.0
INE1JAR,Knowledge Realty Trust,KNOWLEDGE REALTY TRUST,exact,100.0
INE1JN9,Noel Media and Advertising Private Limited,NOEL MEDIA & ADVERTISING PRIVATE LIMITED,exact,100.0
INE1JNA,Swelect Green Energy Solutions Private Limited,SWELECT GREEN ENERGY SOLUTIONS PRIVATE LIMITED,exact,100.0
INE1JNC,TVS Infrastructure Trust,TVS INFRASTRUCTURE TRUST,exact,100.0
INE1KOM,HRP Green Power Private Limited,HRP GREEN POWER PRIVATE LIMITED,exact,100.0
INE1LGZ,QBURST SOFTWARE SERVICES PRIVATE LIMITED,QBURST SOFTWARE SERVICES PRIVATE LIMITED,exact,100.0
INE1LJU,DRAS Engineering Private Limited,DRAS ENGINEERING PRIVATE LIMITED,exact,100.0
INE1LPG,Renfra Energy India Private Limited,RENFRA ENERGY INDIA LIMITED,exact,100.0
INE1MPM,NORTHERN GOLD COLLECTIONS PRIVATE LIMITED (FORMERLY NORTHERN GOLD COLLECTIONS LLP),NORTHERN GOLD COLLECTIONS PRIVATE LIMITED,exact,100.0
INE1MXH,Truere Mountain Private Limited,TRUERE MOUNTAIN PRIVATE LIMITED,exact,100.0
INE1N2P,Agra Nagar Nigam,AGRA NAGAR NIGAM,exact,100.0
INE1N7T,ILV West Warehousing Parks Private Limited,ILV WEST WAREHOUSING PARKS PRIVATE LIMITED,exact,100.0
INE1NLN,VPW Warehousing Private Limited,VPW WAREHOUSING PRIVATE LIMITED,exact,100.0
INE1NT9,Gandhinagar Municipal Corporation,GANDHINAGAR MUNICIPAL CORPORATION,exact,100.0
INE1OK9,Nagar Nigam Varanasi,VARANASI NAGAR NIGAM,fuzzy,100.0
INE1PVQ,Saatvik Solar Industries Private Limited,SAATVIK SOLAR INDUSTRIES PRIVATE LIMITED,exact,100.0
INE1QL5,Prayagraj Nagar Nigam,PRAYAGRAJ NAGAR NIGAM,exact,100.0
INE1QRH,Navia Three Power Private Limited,NAVIA THREE POWER PRIVATE LIMITED,exact,100.0
INE1QWF,GREAVES FINANCE LIMITED,GREAVES FINANCE LIMITED,exact,100.0
INE1SAF,TRANSVOLT ETS ONE PRIVATE LIMITED,TRANSVOLT ETS ONE PRIVATE LIMITED,exact,100.0
INE1SKA,Greater Chennai Corporation,GREATER CHENNAI CORPORATION,exact,100.0
INE1TAE,Tata Motors Limited,TATA MOTORS LIMITED,exact,100.0
INE1U58,Navia Two Power Private Limited,NAVIA TWO POWER PRIVATE LIMITED,exact,100.0
INE1UGW,Meenakshi Agro And Flour Mill Private Limited,MEENAKSHI AGRO AND FLOUR MILL PRIVATE LIMITED,exact,100.0
INE1VO0,Sungaze Power Private Limited,SUNGLAZE POWER PRIVATE LIMITED,fuzzy,96.3
INE1VWC,Aravali Smart Grid Private Limited,ARAVALI SMART GRID PRIVATE LIMITED,exact,100.0
INE1VXE,STL Networks Limited,STL NETWORKS LIMITED,exact,100.0
INE1W9H,Transvolt Logistics Private Limited,TRANSVOLT LOGISTICS PRIVATE LIMITED,exact,100.0
INE1X2G,Patson Steels Private Limited,PATSON STEELS PRIVATE LIMITED,exact,100.0
INE1XLQ,Pro-zeal Green Power Five Private Limited,PRO-ZEAL GREEN POWER FIVE PRIVATE LIMITED,exact,100.0
INE1XLZ,Pro-zeal Green Power Four Private Limited,PRO-ZEAL GREEN POWER FOUR PRIVATE LIMITED,exact,100.0
INE1XM0,Pro-zeal Green Power Three Private Limited,PRO-ZEAL GREEN POWER THREE PRIVATE LIMITED,exact,100.0
INE1XN7,Nyati Hotels And Resorts Private Limited,NYATI HOTELS AND RESORTS PRIVATE LIMITED,exact,100.0
INE1Y05,Omega Bright Steel Private Limited,OMEGA BRIGHT STEEL PRIVATE LIMITED,exact,100.0
INE1Y39,Singularity Creditworld Private Limited,SINGULARITY CREDITWORLD PRIVATE LIMITED,exact,100.0
INE1YOE,South City Projects (Kolkata) Limited,SOUTH CITY PROJECTS (KOLKATA) LTD.,exact,100.0
INE1Z9Q,RAMKY SUSTAINABILITY SOLUTIONS PRIVATE LIMITED,RAMKY SUSTAINABILITY SOLUTIONS PRIVATE LIMITED,exact,100.0
INE1ZH9,Power of One Logistics Park Private Limited,POWER OF ONE LOGISTICS PARK PRIVATE LIMITED,exact,100.0
INE1ZHX,Topline Logistics Park Private Limited,TOPLINE LOGISTICS PARK PRIVATE LIMITED,exact,100.0
INE200W,Kinara Capital Private Limited,KINARA CAPITAL PRIVATE LIMITED,exact,100.0
INE201P,G R Infraprojects Limited,G R INFRAPROJECTS LIMITED,exact,100.0
INE202B,Piramal Finance Limited (formerly Piramal Capital & Housing Finance Limited),PIRAMAL FINANCE LIMITED,exact,100.0
INE202E,Indian Renewable Energy Development Agency Limited,INDIAN RENEWABLE ENERGY DEVELOPMENT AGENCY LIMITED,exact,100.0
INE205A,Vedanta Aluminium Metal Limited,VEDANTA ALUMINIUM METAL LIMITED,exact,100.0
INE206D,Nuclear Power Corporation of India Limited,NUCLEAR POWER CORPORATION OF INDIA LIMITED,exact,100.0
INE206M,Fortis Hospitals Limited,FORTIS HOSPITALS LIMITED,exact,100.0
INE207O,PNB MetLife India Insurance Company Limited,PNB METLIFE INDIA INSURANCE COMPANY LIMITED,exact,100.0
INE208A,Ashok Leyland Limited,ASHOK LEYLAND LIMITED,exact,100.0
INE20GB,DOHALE RUBY PRIVATE LIMITED,DOHALE RUBY PRIVATE LIMITED,exact,100.0
INE210R,Runwal Residency Private Limited,RUNWAL RESIDENCY PRIVATE LIMITED,exact,100.0
INE213A,Oil and Natural Gas Corporation Limited,OIL AND NATURAL GAS CORPORATION LIMITED,exact,100.0
INE213W,SMFG India Home Finance Company Limited,SMFG INDIA HOME FINANCE COMPANY LIMITED,exact,100.0
INE216P,Aavas Financiers Limited,AAVAS FINANCIERS LIMITED,exact,100.0
INE217A,Zuari Industries Limited,ZUARI INDUSTRIES LIMITED,exact,100.0
INE217T,Suruchi Properties Private Limited,SURUCHI PROPERTIES PRIVATE LIMITED,exact,100.0
INE219X,IndiGrid Infrastructure Trust,INDIGRID INFRASTRUCTURE TRUST,exact,100.0
INE21PZ,CLOUDNEO HIGHWAYS PRIVATE LIMITED,CLOUDNEO HIGHWAYS PRIVATE LIMITED,exact,100.0
INE21SY,Karanje Emerald Logistics Park Private Limited,KARANJE EMERALD LOGISTICS PARK PRIVATE LIMITED,exact,100.0
INE220B,Kalpataru Projects International Limited,KALPATARU PROJECTS INTERNATIONAL LIMITED,exact,100.0
INE220G,Jindal Stainless Limited,JINDAL STAINLESS LIMITED,exact,100.0
INE221L,Surat Hazira NH-6 Tollway Private Limited,SURAT HAZIRA NH-6 TOLLWAY PRIVATE LIMITED,exact,100.0
INE221M,Emami Agrotech Limited,EMAMI AGROTECH LIMITED,exact,100.0
INE223Y,Aliens Developers Private Limited,ALIENS DEVELOPERS PRIVATE LIMITED,exact,100.0
INE225R,HDFC ERGO General Insurance Company Limited,HDFC ERGO GENERAL INSURANCE COMPANY LIMITED,exact,100.0
INE226H,Sadbhav Engineering Limited,SADBHAV ENGINEERING LIMITED,exact,100.0
INE227H,Shriram Life Insurance Company Ltd,SHRIRAM LIFE INSURANCE COMPANY LTD,exact,100.0
INE227J,Kalpataru Limited,KALPATARU LIMITED,exact,100.0
INE229K,Essar Bulk Terminal (Salaya) Limited,ESSAR BULK TERMINAL (SALAYA) LTD.,exact,100.0
INE229M,Fabworth Promoters Private Limited,FABWORTH PROMOTERS PRIVATE LIMITED,exact,100.0
INE233A,Godrej Industries Limited,GODREJ INDUSTRIES LIMITED,exact,100.0
INE234P,Sree Jayajothi Cements Private Limited,SREE JAYAJOTHI CEMENTS PRIVATE LIMITED,exact,100.0
INE235P,L&T Finance Limited (formerly L&T Finance Holdings Limited),L&T FINANCE LIMITED,exact,100.0
INE237A,Kotak Mahindra Bank Limited,KOTAK MAHINDRA BANK LIMITED,exact,100.0
INE238A,Axis Bank Limited,AXIS BANK LIMITED,exact,100.0
INE238S,Green Infra Wind Power Generation Limited,GREEN INFRA WIND POWER GENERATION LIMITED,exact,100.0
INE241O,Edel Finance Company Limited,EDEL FINANCE COMPANY LIMITED,exact,100.0
INE242A,Indian Oil Corporation Limited,INDIAN OIL CORPORATION LIMITED,exact,100.0
INE244B,Patel Engineering Limited,PATEL ENGINEERING LIMITED,exact,100.0
INE244L,Sammaan Finserve Limited,SAMMAAN FINSERVE LIMITED,exact,100.0
INE245A,The Tata Power Company Limited,THE TATA POWER COMPANY LIMITED,exact,100.0
INE246R,NIIF Infrastructure Finance Limited,NIIF INFRASTRUCTURE FINANCE LIMITED,exact,100.0
INE248U,360 One Prime Limited,360 ONE PRIME LIMITED,exact,100.0
INE252Q,Delhi MSW Solutions Limited,DELHI MSW SOLUTIONS LIMITED,exact,100.0
INE252W,Thriveni Sainik Mining Private Limited,THRIVENI SAINIK MINING PRIVATE LIMITED,exact,100.0
INE254P,Millenium Synergy (Gujrat) Private Limited,MILLENIUM SYNERGY (GUJRAT) PVT LTD,exact,100.0
INE257H,BVG India Limited,BVG INDIA LIMITED,exact,100.0
INE257Y,Total Environment Constructions Private Limited,TOTAL ENVIRONMENT CONSTRUCTIONS PRIVATE LIMITED,exact,100.0
INE258L,Athaang Dichpally Tollway Private Limited,ATHAANG DICHPALLY TOLLWAY PRIVATE LIMITED,exact,100.0
INE261F,National Bank for Agriculture and Rural Development,NATIONAL BANK FOR AGRICULTURE AND RURAL DEVELOPMENT,exact,100.0
INE263M,Keystone Realtors Limited,KEYSTONE REALTORS LIMITED,exact,100.0
INE264K,Arliga Galleria (India) Private Limited,ARLIGA GALLERIA (INDIA) PRIVATE LIMITED,exact,100.0
INE265J,JM Financial Asset Reconstruction Company Limited,JM FINANCIAL ASSET RECONSTRUCTION COMPANY LIMITED,exact,100.0
INE269O,ReNew Wind Energy (Jath) Limited,RENEW WIND ENERGY (JATH) LIMITED,exact,100.0
INE26EI,Visharada Grihanirman Private Limited,VISHARADA GRIHANIRMAN PRIVATE LIMITED,exact,100.0
INE274T,Vena Energy KN Wind Power Private Limited,VENA ENERGY KN WIND POWER PRIVATE LIMITED,exact,100.0
INE27ZL,PURVALAND PRIVATE LIMITED,PURVALAND PRIVATE LIMITED,exact,100.0
INE281B,Lloyds Metals and Energy Limited,LLOYDS METALS AND ENERGY LIMITED,exact,100.0
INE282Z,Kals Beverages Private Limited,KALS BEVERAGES PRIVATE LIMITED,exact,100.0
INE285J,SIS Limited,SIS LIMITED,exact,100.0
INE289B,GIC Housing Finance Limited,GIC HOUSING FINANCE LIMITED,exact,100.0
INE294A,Ballarpur Industries Limited,BALLARPUR INDUSTRIES LIMITED,exact,100.0
INE295J,The Tata Power Company Limited,THE TATA POWER COMPANY LIMITED,exact,100.0
INE296A,Bajaj Finance Limited,BAJAJ FINANCE LIMITED,exact,100.0
INE296G,Muthoot Capital Services Limited,MUTHOOT CAPITAL SERVICES LIMITED,exact,100.0
INE296H,Emkay Global Financial Services Limited,EMKAY GLOBAL FINANCIAL SERVICES LIMITED,exact,100.0
INE296Q,Moneyboxx Finance Limited,MONEYBOXX FINANCE LIMITED,exact,100.0
INE298P,Aftaab Solar Private Limited,AFTAAB SOLAR PRIVATE LIMITED,exact,100.0
INE299V,Winsol Solar Fields (Polepally) Private Limited,WINSOL SOLAR FIELDS (POLEPALLY) PRIVATE LIMITED,exact,100.0
INE29PK,Emerald Haven Properties Private Limited,EMERALD HAVEN PROPERTIES PRIVATE LIMITED,exact,100.0
INE2AGL,VALLAM (PHASE I) LOGISTICS PARK PRIVATE LIMITED,VALLAM (PHASE I) LOGISTICS PARK PRIVATE LIMITED,exact,100.0
INE2BHF,Aegis Customer Support Services Private Limited,AEGIS CUSTOMER SUPPORT SERVICES PRIVATE LIMITED,exact,100.0
INE2CZO,Purelearn Eduinfra Chennai Private Limited,PURELEARN EDUINFRA CHENNAI PRIVATE LIMITED,exact,100.0
INE2DLA,NJT Finance Private Limited,NJT FINANCE PRIVATE LIMITED,exact,100.0
INE2EGM,Municipal Corporation of Bhavnagar,BHAVNAGAR MUNICIPAL CORPORATION,fuzzy,100.0
INE2GLH,ARUGN TECHNOLOGIES PRIVATE LIMITED,ARUGN TECHNOLOGIES PRIVATE LIMITED,exact,100.0
INE2H9D,Reddy Veeranna Constructions Private Limited,REDDY VEERANNA CONSTRUCTIONS PRIVATE LIMITED,exact,100.0
INE2HGT,Mrinalini Biri Manufacturing Co. Private Limited,MRINALINI BIRI MANUFACTURING CO. PRIVATE LIMITED,exact,100.0
INE2HHK,Surana Technologies Private Limited,SURANA TECHNOLOGIES PRIVATE LIMITED,exact,100.0
INE2I46,TRIUMPH COMPOSITES PRIVATE LIMITED,TRIUMPH COMPOSITES PRIVATE LIMITED,exact,100.0
INE2ICC,R A K CERAMICS INDIA PRIVATE LIMITED,R.A.K.CERAMICS INDIA PRIVATE LIMITED,exact,100.0
INE2JMD,Jindal Jhajjar Power Limited,JINDAL JHAJJAR POWER LIMITED,exact,100.0
INE2LQA,Saarathi Finance and Credit Private Limited,SAARATHI FINANCE AND CREDIT PRIVATE LIMITED,exact,100.0
INE2MRV,Jeanuvs Private Limited,JEANUVS PRIVATE LIMITED,exact,100.0
INE2O7M,Coimbatore City Municipal Corporation,COIMBATORE CITY MUNICIPAL CORPORATION,exact,100.0
INE2OSN,TIRUCHIRAPPALLI CITY MUNICIPAL CORPORATION,TIRUCHIRAPPALLI CITY MUNICIPAL CORPORATION,exact,100.0
INE2OVL,Hyra Energy Private Limited,HYRA ENERGY PRIVATE LIMITED,exact,100.0
INE2QI8,JSW Kalinga Steel Limited,JSW KALINGA STEEL LIMITED,exact,100.0
INE2QI9,JSW Sambalpur Steel Limited,JSW SAMBALPUR STEEL LIMITED,exact,100.0
INE2RUR,KND Engineering Technologies Limited,KND ENGINEERING TECHNOLOGIES LTD,exact,100.0
INE2U23,Cosmos Engitech Private Limited,COSMOS ENGITECH PRIVATE LIMITED,exact,100.0
INE2UHF,Master Capital Services Ltd,MASTER CAPITAL SERVICES LIMITED,exact,100.0
INE2UQD,Aaravalli Logistics Park Private Limited,AARAVALLI LOGISTICS PARK PRIVATE LIMITED,exact,100.0
INE300V,Hindupur Solar Park Private Limited,HINDUPUR SOLAR PARK PRIVATE LIMITED,exact,100.0
INE301A,Raymond Lifestyle Limited,RAYMOND LIFESTYLE LIMITED,exact,100.0
INE302E,Sakthi Finance Limited,SAKTHI FINANCE LIMITED,exact,100.0
INE303K,Kakinada SEZ Limited,KAKINADA SEZ LIMITED,exact,100.0
INE304X,Haridwar Solar Projects Private Limited,HARIDWAR SOLAR PROJECTS PRIVATE LIMITED,exact,100.0
INE305A,Tourism Finance Corporation of India Limited,TOURISM FINANCE CORPORATION OF INDIA LIMITED,exact,100.0
INE305P,Shivalakha Solar Energy Private Limited,SHIVALAKHA SOLAR ENERGY PRIVATE LIMITED,exact,100.0
INE305Q,Satpura Transco Private Limited,SATPURA TRANSCO PRIVATE LIMITED,exact,100.0
INE306N,Tata Capital Limited,TATA CAPITAL LIMITED,exact,100.0
INE310L,IOT Utkal Energy Services Limited,IOT UTKAL ENERGY SERVICES LIMITED,exact,100.0
INE312Y,Indospace Walajabad II Private Limited,INDOSPACE WALAJABAD II PRIVATE LIMITED,exact,100.0
INE314X,Bhagwanpur Solar Projects Private Limited,BHAGWANPUR SOLAR PROJECTS PRIVATE LIMITED,exact,100.0
INE315X,Bindookhadak Solar Projects Private Limited,BINDOOKHADAK SOLAR PROJECTS PRIVATE LIMITED,exact,100.0
INE316Z,Godrej Seeds and Genetics Limited,GODREJ SEEDS & GENETICS LIMITED,exact,100.0
INE320T,Medall Healthcare Private Limited,MEDALL HEALTHCARE PRIVATE LIMITED,exact,100.0
INE322J,Bharat Petroleum Corporation Limited,BHARAT PETROLEUM CORPORATION LIMITED,exact,100.0
INE322L,VR Malwa Private Limited (Formerly Hamir Real Estate Private Limited),VR MALWA PRIVATE LIMITED,exact,100.0
INE323I,Puravankara Limited,PURAVANKARA LIMITED,exact,100.0
INE325U,Bakeri Urban Development Private Limited,BAKERI URBAN DEVELOPMENT PRIVATE LIMITED,exact,100.0
INE331A,The Ramco Cements Limited,THE RAMCO CEMENTS LIMITED,exact,100.0
INE336K,Apraava Renewable Energy Private  Limited(Formerly CLP Wind Farms (India) Private Limited),APRAAVA RENEWABLE ENERGY PRIVATE LIMITED,exact,100.0
INE337U,TALETTUTAYI SOLAR PROJECTS SIX PRIVATE LIMITED,TALETTUTAYI SOLAR PROJECTS SIX PRIVATE LIMITED,exact,100.0
INE338A,Thirumalai Chemicals Limited,THIRUMALAI CHEMICALS LIMITED,exact,100.0
INE338I,Motilal Oswal Financial Services Limited,MOTILAL OSWAL FINANCIAL SERVICES LIMITED,exact,100.0
INE339L,PRESTIGE BKC REALTORS PRIVATE LIMITED,PRESTIGE (BKC) REALTORS PRIVATE LIMITED,exact,100.0
INE340A,Birla Corporation Limited,BIRLA CORPORATION LIMITED,exact,100.0
INE342T,Navi Finserv Limited (Formerly Navi Finserv Private Limited),NAVI FINSERV LIMITED,exact,100.0
INE348L,MAS Financial Services Limited,MAS FINANCIAL SERVICES LIMITED,exact,100.0
INE354H,Gujarat Road and Infrastructure Company Limited,GUJARAT ROAD AND INFRASTRUCTURE CO LTD,exact,100.0
INE354U,Danu Wind Parks Private Limited,DANU WIND PARKS PRIVATE LIMITED,exact,100.0
INE357L,Nomura Capital (India) Private Limited,NOMURA CAPITAL (INDIA) PVT. LTD.,exact,100.0
INE357S,Green Infra Corporate Solar Private Limited,GREEN INFRA CORPORATE SOLAR LTD.,exact,100.0
INE359I,Paliwal Real Estate Limited,PALIWAL REAL ESTATE LIMITED,exact,100.0
INE359M,Western MP Infrastructure & Toll Roads Private Limited,WESTERN M P INFRASTRUCTURE & TOLL ROADS PRIVATE LIMITED,exact,100.0
INE361W,Kharar Ludhiana Road Limited,KHARAR LUDHIANA ROAD LIMITED,exact,100.0
INE363O,Kamarajar Port Limited,KAMARAJAR PORT LIMITED,exact,100.0
INE365D,Ashiana Housing Limited,ASHIANA HOUSING LIMITED,exact,100.0
INE366T,Light Microfinance Private Limited,LIGHT MICROFINANCE PRIVATE LIMITED,exact,100.0
INE367Y,WheelsEMI Private Limited,WHEELSEMI PRIVATE LIMITED,exact,100.0
INE371K,Tata Realty and Infrastructure Limited,TATA REALTY AND INFRASTRUCTURE LIMITED,exact,100.0
INE371P,Amber Enterprises India Limited,AMBER ENTERPRISES INDIA LIMITED,exact,100.0
INE374I,Sai Wardha Power Generation Private Limited,SAI WARDHA POWER GENERATION PRIVATE LIMITED,exact,100.0
INE374X,Athena Jaipur Solar Power Private Limited(Formerly ACME Jaipur Solar Power Private Limited),ATHENA JAIPUR SOLAR POWER PRIVATE LIMITED,exact,100.0
INE376J,Visakha Container Terminal Pvt. Ltd.,VISAKHA CONTAINER TERMINAL PVT LTD,exact,100.0
INE377Y,Bajaj Housing Finance Limited,BAJAJ HOUSING FINANCE LIMITED,exact,100.0
INE380L,Thriveni Earthmovers and Infra Private Limited,THRIVENI EARTHMOVERS AND INFRA PRIVATE LIMITED,exact,100.0
INE381O,Mobility Solutions Limited,MOBILITY SOLUTIONS LIMITED,exact,100.0
INE381Y,IndiaFirst Life Insurance Company Limited,INDIAFIRST LIFE INSURANCE COMPANY LIMITED,exact,100.0
INE385W,Dishman Carbogen Amcis Limited,DISHMAN CARBOGEN AMCIS LIMITED,exact,100.0
INE387Z,Godrej Green Homes Private Limited,GODREJ GREEN HOMES PRIVATE LIMITED,exact,100.0
INE389T,Acme Jaisalmer Solar Power Private Limited,ACME JAISALMER SOLAR POWER PRIVATE LIMITED,exact,100.0
INE389Z,Profectus Capital Private Limited,PROFECTUS CAPITAL PRIVATE LIMITED,exact,100.0
INE390T,Dayanidhi Solar Power Private Limited,DAYANIDHI SOLAR POWER PRIVATE LIMITED,exact,100.0
INE391T,Niranjana Solar Energy Private Limited,NIRANJANA SOLAR ENERGY PRIVATE LIMITED,exact,100.0
INE391U,Mytrah Vayu (Tungabhadra) Private Limited,MYTRAH VAYU (TUNGABHADRA) PRIVATE LIMITED,exact,100.0
INE391V,Shrem Infra Invest Private Limited (Formerly Shrem Infra Structure Private Limited),SHREM INFRA INVEST PRIVATE LIMITED,exact,100.0
INE392T,Aarohi Solar Private Limited,AAROHI SOLAR PRIVATE LIMITED,exact,100.0
INE394T,Focal Photovoltaic India Pvt Ltd,FOCAL PHOTOVOLTAIC INDIA PVT LTD,exact,100.0
INE396J,Bharti Enterprises Limited,BHARTI ENTERPRISES LIMITED,exact,100.0
INE396N,Gmr Bajoli Holi Hydropower Private Limited,GMR BAJOLI HOLI HYDROPOWER PRIVATE LIMITED,exact,100.0
INE397J,Tellapur Technocity Private Limited,TELLAPUR TECHNOCITY PVT LTD,exact,100.0
INE398O,Responsive SUTIP Limited,RESPONSIVE SUTIP LIMITED,exact,100.0
INE399G,Ramkrishna Forgings Limited,RAMKRISHNA FORGINGS LTD,exact,100.0
INE401Y,Hinduja Housing Finance Limited,HINDUJA HOUSING FINANCE LIMITED,exact,100.0
INE403D,Bharti Telecom Limited,BHARTI TELECOM LIMITED,exact,100.0
INE403G,Standard Chartered Capital Limited,STANDARD CHARTERED CAPITAL LIMITED,exact,100.0
INE403Q,Kosamattam Finance Limited,KOSAMATTAM FINANCE LIMITED,exact,100.0
INE404K,Shapoorji Pallonji and Company Private Limited,SHAPOORJI PALLONJI AND COMPANY PRIVATE LIMITED,exact,100.0
INE405E,Uno Minda Limited,UNO MINDA LIMITED,exact,100.0
INE406M,ERIS Lifesciences Limited,ERIS LIFESCIENCES LIMITED,exact,100.0
INE409B,Swelect Energy Systems Limited,SWELECT ENERGY SYSTEMS LIMITED,exact,100.0
INE410J,Kotak Commodity Services Private Limited,KOTAK COMMODITY SERVICES PRIVATE LIMITED,exact,100.0
INE410P,Narayana Hrudayalaya Limited,NARAYANA HRUDAYALAYA LIMITED,exact,100.0
INE411H,R Systems International Limited,R SYSTEMS INTERNATIONAL LIMITED,exact,100.0
INE412L,Creamline Dairy Products Limited,CREAMLINE DAIRY PRODUCTS LIMITED,exact,100.0
INE412O,Chattel Constructions Private Limited,CHATTEL CONSTRUCTIONS PRIVATE LIMITED,exact,100.0
INE413U,IIFL Samasta Finance Limited,IIFL SAMASTA FINANCE LIMITED,exact,100.0
INE414G,Muthoot Finance Limited,MUTHOOT FINANCE LIMITED,exact,100.0
INE417C,Pilani Investment And Industries Corporation Limited,PILANI INVESTMENTS AND INDUSTRIES CORPORATION LIMITED,fuzzy,98.2
INE417V,Vismaya Infrastructure Private Limited,VISMAYA INFRASTRUCTURE PRIVATE LIMITED,exact,100.0
INE417W,Biorad Medisys Private Limited,BIORAD MEDISYS PRIVATE LIMITED,exact,100.0
INE419N,Crest Steel and Power Private Limited,CREST STEEL AND POWER PRIVATE LIMITED,exact,100.0
INE419O,Khandke Wind Energy Private Limited,KHANDKE WIND ENERGY PRIVATE LIMITED,exact,100.0
INE420T,Amplus Energy Solutions Private Limited,AMPLUS ENERGY SOLUTIONS PRIVATE LIMITED,exact,100.0
INE422O,IndoSpace Park Chakan 1C Private Limited (Erstwhile Indospace Rohan Industrial Park Khed Pvt. Ltd.),INDOSPACE PARK CHAKAN 1C PRIVATE LIMITED,exact,100.0
INE423A,Adani Enterprises Limited,ADANI ENTERPRISES LIMITED,exact,100.0
INE423G,Greater Visakhapatnam Municipal Corporation,GREATER VISAKHAPATNAM MUNICIPAL CORPORATION,exact,100.0
INE423O,IndoSpace Park Chakan 1D Pvt Ltd (erstwhile IndoSpace Rohan Industrial Park Mahalunge Pvt Ltd),INDOSPACE PARK CHAKAN 1D PRIVATE LIMITED,exact,100.0
INE423Y,SBFC Finance Limited,SBFC FINANCE LIMITED,exact,100.0
INE424O,IndoSpace Park Chakan 1A Private Limited (erstwhile IndoSpace Rohan Industrial Park Private Limited),INDOSPACE PARK CHAKAN 1A PRIVATE LIMITED,exact,100.0
INE425O,IndoSpace Park Chakan 1B Private Limited (Erstwhile Indospace Rohan Industrial Park Pune Pvt Ltd)),INDOSPACE PARK CHAKAN 1B PRIVATE LIMITED,exact,100.0
INE427F,Chalet Hotels Limited,CHALET HOTELS LIMITED,exact,100.0
INE428A,Indian Bank,INDIAN BANK,exact,100.0
INE429C,Sintex Industries Limited,SINTEX INDUSTRIES LIMITED,exact,100.0
INE432R,Truhome Finance limited (Formerly Shriram Housing Finance Limited),TRUHOME FINANCE LIMITED,exact,100.0
INE433L,Bengal Shriram Hitech City Private Limited,BENGAL SHRIRAM HITECH CITY PRIVATE LIMITED,exact,100.0
INE433M,IL&FS Tamil Nadu Power Company Limited,IL&FS TAMIL NADU POWER COMPANY LIMITED,exact,100.0
INE435D,MAC CHARLES (INDIA) LIMITED,MAC CHARLES (INDIA) LIMITED,exact,100.0
INE436Y,Sripathi Paper and Boards Private Limited,SRIPATHI PAPER AND BOARDS PRIVATE LIMITED,exact,100.0
INE438A,Apollo Tyres Ltd.,APOLLO TYRES LIMITED,exact,100.0
INE438W,IndoSpace SKCL Industrial Park Private Limited,INDOSPACE SKCL INDUSTRIAL PARK PRIVATE LIMITED,exact,100.0
INE439H,Cholamandalam MS General Insurance Company Limited,CHOLAMANDALAM MS GENERAL INSURANCE CO. LTD.,exact,100.0
INE440W,IndoSpace SKCL Industrial Park Oragadam Private Limited,INDOSPACE SKCL INDUSTRIAL PARK ORAGADAM PRIVATE LIMITED,exact,100.0
INE441Q,Solapur Yedeshi Tollway Limited,SOLAPUR YEDESHI TOLLWAY  LIMITED,exact,100.0
INE443K,ETC Agro Processing (India) Private Limited,ETC AGRO PROCESSING (INDIA) PRIVATE LIMITED,exact,100.0
INE443L,Belstar Microfinance Limited,BELSTAR MICROFINANCE LIMITED,exact,100.0
INE445P,Kashipur Sitarganj Highways Pvt Ltd,KASHIPUR SITARGANJ HIGHWAYS PRIVATE LIMITED,exact,100.0
INE446P,Salasar Highways Private Limited,SALASAR HIGHWAYS PRIVATE LIMITED,exact,100.0
INE446V,Alipurduar Transmission Limited,ALIPURDUAR TRANSMISSION LIMITED,exact,100.0
INE446X,Watsun Infrabuild Private Limited,WATSUN INFRABUILD PRIVATE LIMITED,exact,100.0
INE451H,Emaar India Limited,EMAAR INDIA LIMITED,exact,100.0
INE454T,Vishwatma Solar Energy Private Limited,VISHWATMA SOLAR ENERGY PRIVATE LIMITED,exact,100.0
INE455W,Avighna Solarfarms Limited,AVIGHNA SOLARFARMS LIMITED,exact,100.0
INE456T,Holisol Logistics Private Limited,HOLISOL LOGISTICS PRIVATE LIMITED,exact,100.0
INE457A,Bank of Maharashtra,BANK OF MAHARASHTRA,exact,100.0
INE459N,Manipal Health Enterprises Private Limited,MANIPAL HEALTH ENTERPRISES LIMITED,exact,100.0
INE459T,Vastu Housing Finance Corporation Limited,VASTU HOUSING FINANCE CORPORATION LIMITED,exact,100.0
INE460K,RJ Corp Limited,RJ CORP LIMITED,exact,100.0
INE461R,Yedeshi Aurangabad Tollway Limited,YEDESHI AURANGABAD TOLLWAY  LIMITED,exact,100.0
INE464X,Indospace Industrial Park Badli Private Limited,INDOSPACE INDUSTRIAL PARK BADLI PRIVATE LIMITED,exact,100.0
INE465A,Bharat Forge Limited,BHARAT FORGE LIMITED,exact,100.0
INE465N,Essel Lucknow Raebareli Toll Roads Limited,ESSEL LUCKNOW RAEBARELI TOLL ROADS LIMITED,exact,100.0
INE465O,Tadas Wind Energy Private Limited,TADAS WIND ENERGY PRIVATE LIMITED,exact,100.0
INE467V,House of Kieraya Limited,HOUSE OF KIERAYA LIMITED,exact,100.0
INE468N,Ecap Equities Limited (Erstwhile Edel Land Limited),ECAP EQUITIES LIMITED,exact,100.0
INE468V,Blacksoil Capital Private Limited,BLACKSOIL CAPITAL PRIVATE LIMITED,exact,100.0
INE473Y,Sparkle Terminal and Towage Services Limited,SPARKLE TERMINAL & TOWAGE SERVICES PRIVATE LIMITED,exact,100.0
INE475B,Hikal Limited,HIKAL LIMITED,exact,100.0
INE475Y,ABT Industries Limited,ABT INDUSTRIES LIMITED,exact,100.0
INE476A,Canara Bank,CANARA BANK,exact,100.0
INE476M,L&T Finance Limited (formerly L&T Finance Holdings Limited),L&T FINANCE LIMITED,exact,100.0
INE477A,Can Fin Homes Limited,CAN FIN HOMES LIMITED,exact,100.0
INE477L,IIFL Home Finance Limited,IIFL HOME FINANCE LIMITED,exact,100.0
INE477Z,Greater Hyderabad Municipal Corporation,GREATER HYDERABAD MUNICIPAL CORPORATION,exact,100.0
INE481G,UltraTech Cement Limited,ULTRATECH CEMENT LIMITED,exact,100.0
INE481N,Home First Finance Company India Limited,HOME FIRST FINANCE COMPANY INDIA LIMITED,exact,100.0
INE482A,CEAT Limited,CEAT LIMITED,exact,100.0
INE483A,Central Bank of India,CENTRAL BANK OF INDIA,exact,100.0
INE483Z,Kohima-Mariani Transmission Limited,KOHIMA-MARIANI TRANSMISSION LIMITED,exact,100.0
INE484J,Godrej Properties Limited,GODREJ PROPERTIES LIMITED,exact,100.0
INE485H,Arliga Ecoworld Infrastructure Private Ltd (erstwhile RMZ Ecoworld Infrastructure Pvt Ltd),ARLIGA ECOWORLD INFRASTRUCTURE PRIVATE LIMITED,exact,100.0
INE486A,CESC Limited,CESC LIMITED,exact,100.0
INE487H,Millennia Realtors Private Limited,MILLENNIA REALTORS PRIVATE LIMITED,exact,100.0
INE488I,Bhoruka Power Corporation Ltd,BHORUKA POWER CORPORATION LTD,exact,100.0
INE489T,Dayakara Solar Power Private Limited,DAYAKARA SOLAR POWER PRIVATE LIMITED,exact,100.0
INE490T,Grahati Solar Energy Private Limited,GRAHATI SOLAR ENERGY PRIVATE LIMITED,exact,100.0
INE491R,DJ Energy Private Limited,DJ ENERGY PRIVATE LIMITED,exact,100.0
INE491T,MIHIT SOLAR POWER PRIVATE LIMITED,MIHIT SOLAR POWER PRIVATE LIMITED,exact,100.0
INE491W,CapFloat Financial Services Private limited,CAPFLOAT FINANCIAL SERVICES PRIVATE LIMITED,exact,100.0
INE492R,Uttar Urja Projects Private Limited,UTTAR URJA PROJECTS PRIVATE LIMITED,exact,100.0
INE493F,Tata Power Delhi Distribution Limited,TATA POWER DELHI DISTRIBUTION LIMITED,exact,100.0
INE494B,TVS Motor Company Limited,TVS MOTOR COMPANY LIMITED,exact,100.0
INE498L,L&T Finance Limited (formerly L&T Finance Holdings Limited),L&T FINANCE LIMITED,exact,100.0
INE499A,DCM Shriram Limited,DCM SHRIRAM LIMITED,exact,100.0
INE499S,Royal Sundaram General Insurance Co. Limited,ROYAL SUNDARAM GENERAL INSURANCE CO. LIMITED,exact,100.0
INE500T,Acme Solar Rooftop Systems Private Limited,ACME SOLAR ROOFTOP SYSTEMS PRIVATE LIMITED,exact,100.0
INE501X,Aye Finance Limited (erstwhile Aye Finance (P) Ltd.),AYE FINANCE LIMITED,exact,100.0
INE503A,DCB Bank Limited,DCB BANK LIMITED,exact,100.0
INE503P,Edelcap Securities Limited,EDELCAP SECURITIES LIMITED,exact,100.0
INE503V,Star Union Dai-ichi Life Insurance Company Limited,STAR UNION DAI-ICHI LIFE INSURANCE COMPANY LIMITED,exact,100.0
INE504H,Anand Rathi Financial Services Limited,ANAND RATHI FINANCIAL SERVICES LTD.,exact,100.0
INE504W,Udaipur Tollway Limited (Formerly Udaipur Tollway Private Limited),UDAIPUR TOLLWAY LIMITED,exact,100.0
INE504Y,Vinplex India Private Limited,VINPLEX INDIA PRIVATE LIMITED,exact,100.0
INE507T,Summit Digitel Infrastructure Limited,SUMMIT DIGITEL INFRASTRUCTURE LIMITED,exact,100.0
INE508P,Vishal Papertech India Ltd,VISHAL PAPERTECH (INDIA) LIMITED,exact,100.0
INE511C,Poonawalla Fincorp Limited,POONAWALLA FINCORP LIMITED,exact,100.0
INE511N,Axis MAX Life Insurance Limited,AXIS MAX LIFE INSURANCE LIMITED,exact,100.0
INE512O,Thomsun Realtors Pvt Ltd,THOMSUN REALTORS PRIVATE LIMITED,exact,100.0
INE512P,Solitaire Industrial Infrastructure Private Limited,SOLITAIRE INDUSTRIAL INFRASTRUCTURE PVT. LTD.,exact,100.0
INE512S,Chhattisgarh State Power Distribution Company Limited,CHHATTISGARH STATE POWER DISTRIBUTION COMPANY LIMITED,exact,100.0
INE513P,Kindle Engineering and Construction Private Limited,KINDLE ENGINEERING AND CONSTRUCTION PVT LTD.,exact,100.0
INE514E,Export-Import Bank Of India,EXPORT IMPORT BANK OF INDIA,exact,100.0
INE514P,Deligentia Energy And Infrastructures Private Limited,DELIGENTIA ENERGY AND INFRASTRUCTURES PRIVATE LIMITED,exact,100.0
INE514Q,Pahal Financial Services Pvt. Ltd.,PAHAL FINANCIAL SERVICES PRIVATE LIMITED,exact,100.0
INE515Q,Annapurna Finance Private Limited,ANNAPURNA FINANCE PRIVATE LIMITED,exact,100.0
INE516Y,Piramal Finance Limited (formerly Piramal Capital & Housing Finance Limited),PIRAMAL FINANCE LIMITED,exact,100.0
INE519Q,AU Small Finance Bank Limited,AU SMALL FINANCE BANK LIMITED,exact,100.0
INE521Y,Mahindra Industrial Park Private Limited,MAHINDRA INDUSTRIAL PARK PRIVATE LIMITED,exact,100.0
INE522D,Manappuram Finance Limited,MANAPPURAM FINANCE LIMITED,exact,100.0
INE523H,JM Financial Products Limited,JM FINANCIAL PRODUCTS LIMITED,exact,100.0
INE523L,Nuvama Wealth And Investment Limited,NUVAMA WEALTH AND INVESTMENT LIMITED,exact,100.0
INE526R,Star Housing Finance Limited,STAR HOUSING FINANCE LIMITED,exact,100.0
INE528G,Yes Bank Limited,YES BANK LIMITED,exact,100.0
INE528S,ECL Finance Limited,ECL FINANCE LIMITED,exact,100.0
INE530B,IIFL Finance Limited,IIFL FINANCE LIMITED,exact,100.0
INE530L,Nido Home Finance Limited,NIDO HOME FINANCE LIMITED,exact,100.0
INE531L,South West Mining Limited,SOUTH-WEST MINING LIMITED,exact,100.0
INE531W,Suyog Logistics Park Private Limited,SUYOG LOGISTICS PARK PRIVATE LIMITED,exact,100.0
INE532F,Edelweiss Financial Services Limited,EDELWEISS FINANCIAL SERVICES LIMITED,exact,100.0
INE532X,Aditya Infotech Limited,ADITYA INFOTECH PRIVATE LIMITED,exact,100.0
INE535H,SMFG India Credit Company Limited,SMFG INDIA CREDIT COMPANY LIMITED,exact,100.0
INE535N,Haryana Vidyut Prasaran Nigam Limited,HARYANA VIDYUT PRASARAN NIGAM LIMITED,exact,100.0
INE537N,SEI Solar Power Gujarat Private Limited,SEI SOLAR POWER GUJARAT PVT LTD,exact,100.0
INE537P,India Infradebt Limited,INDIA INFRADEBT LIMITED,exact,100.0
INE538L,AADHAR HOUSING FINANCE LIMITED,AADHAR HOUSING FINANCE LIMITED,exact,100.0
INE539K,Credila Financial Services Limited,CREDILA FINANCIAL SERVICES LIMITED,exact,100.0
INE539V,Celestial Solar Solutions Private Limited,CELESTIAL SOLAR SOLUTIONS PRIVATE LIMITED,exact,100.0
INE540P,U.P. Power Corporation Limited,U.P. POWER CORPORATION LIMITED,exact,100.0
INE541T,RUNWAL REAL ESTATES PRIVATE LIMITED,RUNWAL REAL ESTATES PRIVATE LIMITED,exact,100.0
INE542W,KPI Green Energy Limited,KPI GREEN ENERGY LIMITED,exact,100.0
INE544T,Focal Renewable Energy Two India Pvt Ltd,FOCAL RENEWABLE ENERGY TWO INDIA PVT LTD,exact,100.0
INE545L,Mangal Credit And Fincorp Limited,MANGAL CREDIT AND FINCORP LIMITED,exact,100.0
INE549A,Hindustan Construction Company Limited,HINDUSTAN CONSTRUCTION COMPANY LIMITED,exact,100.0
INE549H,Anand Rathi Share and Stock Brokers Limited,ANAND RATHI SHARE AND STOCK BROKERS LIMITED,exact,100.0
INE549K,Muthoot Fincorp Limited,MUTHOOT FINCORP LIMITED,exact,100.0
INE550H,Supreme Infrastructure India Ltd,SUPREME INFRASTRUCTURE INDIA LIMITED,exact,100.0
INE551U,Samunnati Finance Private Limited,SAMUNNATI FINANCE PRIVATE LIMITED,exact,100.0
INE551W,Ujjivan Small Finance Bank Limited,UJJIVAN SMALL FINANCE BANK LIMITED,exact,100.0
INE551X,Shriprop Living Space Private Limited,SHRIPROP LIVING SPACE PRIVATE LIMITED,exact,100.0
INE553O,Dibang Infra Projects Private Limited (Formerly Dibang Infra Projects Limited),DIBANG INFRA PROJECTS PRIVATE LIMITED,exact,100.0
INE555R,Solitaire Btn Solar Private Limited,SOLITAIRE BTN SOLAR PRIVATE LIMITED,exact,100.0
INE556F,Small Industries Development Bank of India,SMALL INDUSTRIES DEVELOPMENT BANK OF INDIA,exact,100.0
INE556N,Vindhyachal Expressway Private Limited,VINDHYACHAL EXPRESSWAY PRIVATE LIMITED,exact,100.0
INE557F,National Housing Bank,NATIONAL HOUSING BANK,exact,100.0
INE558K,SU Toll Road Private Limited,SU TOLL ROAD PRIVATE LIMITED,exact,100.0
INE558T,Renew Akshay Urja Limited,RENEW AKSHAY URJA LIMITED,exact,100.0
INE559N,SRG Housing Finance Limited,SRG HOUSING FINANCE LIMITED,exact,100.0
INE560K,PTC India Financial Services Limited,PTC INDIA FINANCIAL SERVICES LIMITED,exact,100.0
INE562A,Indian Bank,INDIAN BANK,exact,100.0
INE562B,Rajshree Sugars and Chemicals Limited,RAJSHREE SUGARS & CHEMICALS LIMITED,exact,100.0
INE563J,Astec Lifesciences Limited,ASTEC LIFESCIENCES LIMITED,exact,100.0
INE565A,Indian Overseas Bank,INDIAN OVERSEAS BANK,exact,100.0
INE569H,International Hospital Limited,INTERNATIONAL HOSPITAL LIMITED,exact,100.0
INE572E,PNB Housing Finance Limited,PNB HOUSING FINANCE LIMITED,exact,100.0
INE572J,Spandana Sphoorty Financial Limited,SPANDANA SPHOORTY FINANCIAL LIMITED,exact,100.0
INE572M,NSL Wind Power Company (Phoolwadi) Private Limited,NSL WIND POWER COMPANY (PHOOLWADI) PVT LTD.,exact,100.0
INE572O,Ecap Securities and Investment Limited,ECAP SECURITIES AND INVESTMENTS LIMITED,fuzzy,98.1
INE574G,Shri Vasuprada Plantations Limited (erstwhile Joonktollee Tea & Industries Limited),SHRI VASUPRADA PLANTATIONS LIMITED,exact,100.0
INE575P,Star Health And Allied Insurance Company Limited,STAR HEALTH AND ALLIED INSURANCE COMPANY LIMITED,exact,100.0
INE579F,Nashik Municipal Corporation,NASHIK MUNICIPAL CORPORATION,exact,100.0
INE580B,Bandhan Bank Limited,BANDHAN BANK LIMITED,exact,100.0
INE580N,Ramky Estates & Farms Ltd,RAMKY ESTATES AND FARMS LIMITED,exact,100.0
INE581S,SURAJ FINVEST PRIVATE LIMITED,SURAJ FINVEST PRIVATE LIMITED,exact,100.0
INE581W,Essar Oil and Gas Exploration and Production Limited,ESSAR OIL AND GAS EXPLORATION AND PRODUCTION LIMITED,exact,100.0
INE583C,Deccan Cements Limited,DECCAN CEMENTS LIMITED,exact,100.0
INE583D,Ugro Capital Limited,UGRO CAPITAL LIMITED,exact,100.0
INE584W,Amun Solarfarms Limited,AMUN SOLARFARMS LIMITED,exact,100.0
INE585I,Arliga Ecoworld Infrastructure Private Ltd (erstwhile RMZ Ecoworld Infrastructure Pvt Ltd),ARLIGA ECOWORLD INFRASTRUCTURE PRIVATE LIMITED,exact,100.0
INE589A,NLC India Limited,NLC INDIA LIMITED,exact,100.0
INE593Z,Axis Wind Farms (Rayalaseema) Private Limited,AXIS WIND FARMS (RAYALASEEMA) PRIVATE LIMITED,exact,100.0
INE596W,Amplus Sun Solutions Private Limited,AMPLUS SUN SOLUTIONS PRIVATE LIMITED,exact,100.0
INE597F,GMR Energy Limited,GMR ENERGY LIMITED,exact,100.0
INE597V,Biocon Biologics Limited,BIOCON BIOLOGICS LIMITED,exact,100.0
INE600W,Solaire Surya Urja Private Limited,SOLAIRE SURYA URJA PRIVATE LIMITED,exact,100.0
INE601U,Tata Capital Limited,TATA CAPITAL LIMITED,exact,100.0
INE602A,PCBL Chemical Limited (erstwhile PCBL Limited),PCBL CHEMICAL LIMITED,exact,100.0
INE603Y,Purelearn Eduinfra Hyderabad Private Limited,PURELEARN EDUINFRA HYDERABAD PRIVATE LIMITED,exact,100.0
INE604O,DMI Finance Private Limited,DMI FINANCE PRIVATE LIMITED,exact,100.0
INE606L,"More Retail Private Limited (formerly More Retail Limited, Aditya Birla Retail Limited)",MORE RETAIL PRIVATE LIMITED,exact,100.0
INE607M,Tata Power Renewable Energy Limited,TATA POWER RENEWABLE ENERGY LIMITED,exact,100.0
INE608A,Punjab and Sind Bank,PUNJAB & SIND BANK,exact,100.0
INE608T,Nspira Management Services Private Limited,NSPIRA MANAGEMENT SERVICES PRIVATE LIMITED,exact,100.0
INE610M,Ratedi Wind Power Private Limited,RATEDI WIND POWER PRIVATE LIMITED,exact,100.0
INE612J,Repco Home Finance Limited,REPCO HOME FINANCE LIMITED,exact,100.0
INE612U,Electronica Finance Limited,ELECTRONICA FINANCE LIMITED,exact,100.0
INE613O,DHOLA INFRA PROJECTS PRIVATE LIMITED (Formerly known as DHOLA INFRA PROJECTS LIMITED),DHOLA INFRA PROJECTS PRIVATE LIMITED,exact,100.0
INE614A,Ramco Industries Limited,RAMCO INDUSTRIES LIMITED,exact,100.0
INE614B,Karnataka Bank Limited,THE KARNATAKA BANK LIMITED,exact,100.0
INE614G,Reliance Power Limited,RELIANCE POWER LIMITED,exact,100.0
INE618R,SG Finserve Limited,SG FINSERVE LIMITED,exact,100.0
INE618U,Kundli Manesar Expressway Limited,KUNDLI MANESAR EXPRESSWAY LIMITED,exact,100.0
INE626J,Nagpur Seoni Express way Private Limited (Formerly Nagpur Seoni Express Way Limited),NAGPUR-SEONI EXPRESS WAY PRIVATE LIMITED,exact,100.0
INE629Y,AIGP Developers (Pune) Private Limited,AIGP DEVELOPERS (PUNE) PRIVATE LIMITED,exact,100.0
INE634S,Mankind Pharma Limited,MANKIND PHARMA LIMITED,exact,100.0
INE635M,Universal Sompo General Insurance Company Limited,UNIVERSAL SOMPO GENERAL INSURANCE COMPANY LTD,exact,100.0
INE636F,North Eastern Electric Power Corporation Limited,NORTH EASTERN ELECTRIC POWER CORPORATION LIMITED,exact,100.0
INE637H,Shivam Autotech Limited,SHIVAM AUTOTECH LIMITED,exact,100.0
INE640M,MIKADO REALTORS PRIVATE LIMITED,MIKADO REALTORS PRIVATE LIMITED,exact,100.0
INE641O,Piramal Finance Limited (formerly Piramal Capital & Housing Finance Limited),PIRAMAL FINANCE LIMITED,exact,100.0
INE643S,Omega Solar Projects Private Limited,OMEGA SOLAR PROJECTS PRIVATE LIMITED,exact,100.0
INE645V,DEVISHI SOLAR POWER PRIVATE LIMITED,DEVISHI SOLAR POWER PRIVATE LIMITED,exact,100.0
INE646J,Corrtech International Limited,CORRTECH INTERNATIONAL LIMITED,exact,100.0
INE646V,DEVISHI RENEWABLE ENERGY PRIVATE LIMITED,DEVISHI RENEWABLE ENERGY PRIVATE LIMITED,exact,100.0
INE647O,Aditya Birla Fashion and Retail Limited,ADITYA BIRLA FASHION AND RETAIL LIMITED,exact,100.0
INE647V,SUNWORLD ENERGY PRIVATE LIMITED,SUNWORLD ENERGY PRIVATE LIMITED,exact,100.0
INE647Y,Chenani Nashri Tunnelway Limited,CHENANI NASHRI TUNNELWAY LIMITED,exact,100.0
INE649V,EMINENT SOLAR POWER PRIVATE LIMITED,EMINENT SOLAR POWER PRIVATE LIMITED,exact,100.0
INE651J,JM Financial Credit Solutions Limited,JM FINANCIAL CREDIT SOLUTIONS LIMITED,exact,100.0
INE651Q,Aparna Enterprises Ltd.,APARNA ENTERPRISES LIMITED,exact,100.0
INE655H,GMR Ambala - Chandigarh Expressways Private Limited,GMR AMBALA-CHANDIGARH EXPRESSWAYS PRIVATE LTD,exact,100.0
INE657H,Delhi International Airport Limited,DELHI INTERNATIONAL AIRPORT LIMITED,exact,100.0
INE657N,Edelweiss Rural & Corporate Services Limited,EDELWEISS RURAL & CORPORATE SERVICES LIMITED,exact,100.0
INE658F,Kerala Infrastructure Investment Fund Board,KERALA INFRASTRUCTURE INVESTMENT  FUND BOARD,exact,100.0
INE658R,Motilal Oswal Home Finance Limited,MOTILAL OSWAL HOME FINANCE LIMITED,exact,100.0
INE660A,Sundaram Finance Limited,SUNDARAM FINANCE LIMITED,exact,100.0
INE665X,Enviro Solaire Private Limited,ENVIRO SOLAIRE PRIVATE LIMITED,exact,100.0
INE667F,Sundaram Home Finance Limited,SUNDARAM HOME FINANCE LIMITED,exact,100.0
INE670K,Lodha Developers Limited,LODHA DEVELOPERS LIMITED,exact,100.0
INE674K,Aditya Birla Capital Limited,ADITYA BIRLA CAPITAL LIMITED,exact,100.0
INE674O,HCY Warehousing Private Limited,HCY WAREHOUSING PRIVATE LIMITED,exact,100.0
INE676U,Nexon Omniverse Limited,NEXON OMNIVERSE LIMITED,exact,100.0
INE680A,Dhanlaxmi Bank Limited,DHANLAXMI BANK LIMITED,exact,100.0
INE681R,Nirmal Bang Securities Private Limited,NIRMAL BANG SECURITIES PRIVATE LIMITED,exact,100.0
INE685A,Torrent Pharmaceuticals Limited,TORRENT PHARMACEUTICALS LTD,exact,100.0
INE687J,John Energy Limited,JOHN ENERGY LIMITED,exact,100.0
INE688I,IDFC First Bank Limited,IDFC FIRST BANK LIMITED,exact,100.0
INE691A,UCO Bank,UCO BANK,exact,100.0
INE691I,L&T Finance Limited (formerly L&T Finance Holdings Limited),L&T FINANCE LIMITED,exact,100.0
INE692A,Union Bank of India,UNION BANK OF INDIA,exact,100.0
INE692Q,Toyota Financial Services India Limited,TOYOTA FINANCIAL SERVICES INDIA LIMITED,exact,100.0
INE698X,Clean Solar Power (Bhadla) Private Limited,CLEAN SOLAR POWER (BHADLA) PRIVATE LIMITED,exact,100.0
INE700M,Precious Energy Services Limited,PRECIOUS ENERGY SERVICES LIMITED,exact,100.0
INE700O,IndoSpace FWS Industrial Park Private Limited,INDOSPACE FWS INDUSTRIAL PARK PRIVATE LIMITED,exact,100.0
INE701L,RE Sustainability Limited (Formerly Ramky Enviro Engineers Limited),RE SUSTAINABILITY LIMITED,exact,100.0
INE701Q,Adani Infra (India) Limited,ADANI INFRA (INDIA) LIMITED,exact,100.0
INE701R,NSL Krishnaveni Sugars Limited,NSL KRISHNAVENI SUGARS LIMITED,exact,100.0
INE704P,Cochin Shipyard Limited,COCHIN SHIPYARD LIMITED,exact,100.0
INE706W,Bhandari Foils & Tubes Limited,BHANDARI FOILS & TUBES LIMITED,exact,100.0
INE707M,Solitaire Energies Limited,SOLITAIRE ENERGIES LIMITED,exact,100.0
INE707R,Blue Sapphire Healthcares Private Limited,BLUE SAPPHIRE HEALTHCARES PRIVATE LIMITED,exact,100.0
INE710U,Clean Solar Power (Chitradurga) Private Limited,CLEAN SOLAR POWER (CHITRADURGA) PRIVATE LIMITED,exact,100.0
INE711A,Walchandnagar Industries Limited,WALCHANDNAGAR INDUSTRIES LIMITED,exact,100.0
INE711X,Emami Frank Ross Limited,EMAMI FRANK ROSS LIMITED,exact,100.0
INE713W,Cadila Pharmaceuticals Limited,CADILA PHARMACEUTICALS LIMITED,exact,100.0
INE717N,Ganeshvani Merchandise Private Limited,GANESHVANI MERCHANDISE PRIVATE LIMITED,exact,100.0
INE718N,Ganges Green Energy Private Limited,GANGES GREEN ENERGY PRIVATE LIMITED,exact,100.0
INE721A,Shriram Finance Limited,SHRIRAM FINANCE LIMITED,exact,100.0
INE722A,Shriram Finance Limited,SHRIRAM FINANCE LIMITED,exact,100.0
INE725H,Tata Projects Limited,TATA PROJECTS LIMITED,exact,100.0
INE726G,ICICI Prudential Life Insurance Company Limited,ICICI PRUDENTIAL LIFE INSURANCE COMPANY LIMITED,exact,100.0
INE728V,Renew Solar Energy (Telangana) Private Limited,RENEW SOLAR ENERGY (TELANGANA) PRIVATE LIMITED,exact,100.0
INE729N,TVS Credit Services Limited,TVS CREDIT SERVICES LIMITED,exact,100.0
INE731P,Girnar Software Pvt. Ltd.,GIRNAR SOFTWARE PRIVATE LIMITED,exact,100.0
INE732I,Angel One Limited,ANGEL ONE LIMITED,exact,100.0
INE732Z,Easy Home Finance Limited,EASY HOME FINANCE LIMITED,exact,100.0
INE733E,NTPC Limited,NTPC LIMITED,exact,100.0
INE735W,Utkarsh Small Finance Bank Limited,UTKARSH SMALL FINANCE BANK LIMITED,exact,100.0
INE741K,CreditAccess Grameen Limited,CREDITACCESS GRAMEEN LIMITED,exact,100.0
INE742F,Adani Ports and Special Economic Zone Limited,ADANI PORTS AND SPECIAL ECONOMIC ZONE LIMITED,exact,100.0
INE742L,Lily Realty Private Limited,LILY REALTY PRIVATE LIMITED,exact,100.0
INE743G,VITP Private Limited,VITP PRIVATE  LIMITED,exact,100.0
INE743W,Indospace Industrial Park Pune Private Limited,INDOSPACE INDUSTRIAL PARK PUNE PRIVATE LIMITED,exact,100.0
INE744W,IndoSpace Bommasandra Logistics Park Private Limited,INDOSPACE BOMMASANDRA LOGISTICS PARK PRIVATE LIMITED,exact,100.0
INE746L,Goldman Sachs (India) Finance Private Limited,GOLDMAN SACHS (INDIA) FINANCE PRIVATE LIMITED,exact,100.0
INE746N,Jharkhand Road Projects Implementation Company Limited,JHARKHAND ROAD PROJECTS IMPLEMENTATION CO.LTD,exact,100.0
INE746T,ASA International India Microfinance Limited,ASA INTERNATIONAL INDIA MICROFINANCE  LIMITED,exact,100.0
INE747W,Trinethra Wind And Hydro Power Private Limited,TRINETHRA WIND AND HYDRO POWER PRIVATE LIMITED,exact,100.0
INE748L,TRN Energy Private Limited,TRN ENERGY PRIVATE LIMITED,exact,100.0
INE748V,Rewanchal Solar Power Private Limited,REWANCHAL SOLAR POWER PRIVATE LIMITED,exact,100.0
INE750Q,SEI Arjun Power Private Limited,SEI ARJUN POWER PRIVATE LTD,exact,100.0
INE751F,Tata International Limited,TATA INTERNATIONAL LIMITED,exact,100.0
INE752E,Power Grid Corporation of India Limited,POWER GRID CORPORATION OF INDIA LIMITED,exact,100.0
INE752Z,Kukatpally Developers Private Limited,KUKATPALLY DEVELOPERS PRIVATE LIMITED,exact,100.0
INE753F,Damodar Valley Corporation,DAMODAR VALLEY CORPORATION,exact,100.0
INE753V,Acme Solar Power Technology Private Limited,ACME SOLAR POWER TECHNOLOGY PRIVATE LIMITED,exact,100.0
INE754Y,JSW Paints Limited,JSW PAINTS LIMITED,exact,100.0
INE755K,Dalmia Cement (Bharat) Limited,DALMIA CEMENT (BHARAT) LIMITED,exact,100.0
INE755L,Bamboo Hotel And Global Centre (Delhi) Private Limited,BAMBOO HOTEL AND GLOBAL CENTRE (DELHI) PRIVATE LIMITED,exact,100.0
INE756I,HDB Financial Services Limited,HDB FINANCIAL SERVICES LIMITED,exact,100.0
INE757O,Prestige Projects Private Limited,PRESTIGE PROJECTS PRIVATE LIMITED,exact,100.0
INE760E,Tata Industries Limited,TATA INDUSTRIES LIMITED,exact,100.0
INE762W,SELECT INFRASTRUCTURE PRIVATE LIMITED,SELECT INFRASTRUCTURE PRIVATE LIMITED,exact,100.0
INE763G,ICICI Securities Limited,ICICI SECURITIES LIMITED,exact,100.0
INE764X,Vena Energy Solar Ravi India Power Resources Private Limited,VENA ENERGY SOLAR RAVI INDIA POWER RESOURCES PRIVATE LIMITED,exact,100.0
INE767P,Fortune Metals Limited,FORTUNE METALS LIMITED,exact,100.0
INE770V,International Solar Corporation Private Limited,INTERNATIONAL SOLAR CORPORATION PRIVATE LIMITED,exact,100.0
INE773W,Chudiala Solar Power Projects Private Limited,CHUDIALA SOLAR POWER PROJECTS PRIVATE LIMITED,exact,100.0
INE774D,Mahindra and Mahindra Financial Services Limited,MAHINDRA AND MAHINDRA FINANCIAL SERVICES LIMITED,exact,100.0
INE774W,Ballupur Solar Power Projects Private Limited,BALLUPUR SOLAR POWER PROJECTS PRIVATE LIMITED,exact,100.0
INE775A,Samvardhana Motherson International Ltd.,SAMVARDHANA MOTHERSON INTERNATIONAL LIMITED,exact,100.0
INE776W,Shakumbhari Solar Power Projects Private Limited,SHAKUMBHARI SOLAR POWER PROJECTS PRIVATE LIMITED,exact,100.0
INE777F,Exicom Tele-Systems Limited,EXICOM TELE-SYSTEMS LIMITED,exact,100.0
INE778K,Emami Realty Limited,EMAMI REALTY LIMITED,exact,100.0
INE779L,Nsl Renewable Power Private Limited,NSL RENEWABLE POWER PRIVATE LIMITED,exact,100.0
INE781I,Gorakhpur Infrastructure Company Private Limited,GORAKHPUR INFRASTRUCTURE COMPANY PRIVATE LIMITED,exact,100.0
INE781P,Pokaran Solaire Energy Private Limited,POKARAN SOLAIRE ENERGY PRIVATE LIMITED,exact,100.0
INE782W,Ambition Logistics Park Private Limited,AMBITION LOGISTICS PARK PRIVATE LIMITED,exact,100.0
INE785V,Kandla International Container Terminal Private Limited,KANDLA INTERNATIONAL CONTAINER TERMINAL PRIVATE LIMITED,exact,100.0
INE786X,Orange Retail Finance India Private Limited,ORANGE RETAIL FINANCE INDIA PRIVATE LIMITED,exact,100.0
INE787D,Balkrishna Industries Limited,BALKRISHNA INDUSTRIES LIMITED,exact,100.0
INE787H,India Infrastructure Finance Company Limited,INDIA INFRASTRUCTURE FINANCE COMPANY LIMITED,exact,100.0
INE787R,Ashiana Dwellings Private Limited,ASHIANA DWELLINGS PRIVATE LIMITED,exact,100.0
INE789E,JK Paper Limited,JK PAPER LIMITED,exact,100.0
INE790Z,Interise Trust (formerly INDINFRAVIT TRUST),INTERISE TRUST,exact,100.0
INE795G,HDFC Life Insurance Company Limited,HDFC LIFE INSURANCE COMPANY LIMITED,exact,100.0
INE798X,Avaada Ventures Private Limited,AVAADA VENTURES PRIVATE LIMITED,exact,100.0
INE800X,Hero Housing Finance Limited,HERO HOUSING FINANCE LIMITED,exact,100.0
INE802J,GMR Hyderabad International Airport Limited,GMR HYDERABAD INTERNATIONAL AIRPORT LTD,exact,100.0
INE804I,ECL Finance Limited,ECL FINANCE LIMITED,exact,100.0
INE804S,RMZ ONE PARAMOUNT PRIVATE LIMITED,RMZ ONE PARAMOUNT PRIVATE LIMITED,exact,100.0
INE804W,Runwal Enterprises Limited (Formerly Runwal Enterprises Private Limited),RUNWAL ENTERPRISES LIMITED,exact,100.0
INE805O,Abis Foods and Proteins Private Limited,ABIS FOODS AND PROTEINS PRIVATE LIMITED,exact,100.0
INE807X,Pune Municipal Corporation,PUNE MUNICIPAL CORPORATION,exact,100.0
INE808K,Arohan Financial Services Limited,AROHAN FINANCIAL SERVICES LIMITED,exact,100.0
INE808T,Kukru Wind Power Private Limited,KUKRU WIND POWER PRIVATE LIMITED,exact,100.0
INE809M,Gama Infraprop Private Limited,GAMA INFRAPROP PRIVATE LIMITED,exact,100.0
INE812V,THDC India Limited,THDC INDIA LIMITED,exact,100.0
INE813H,Torrent Power Limited,TORRENT POWER LIMITED,exact,100.0
INE814H,Adani Power Limited,ADANI POWER LIMITED,exact,100.0
INE814O,NeoGrowth Credit Private Limited,NEOGROWTH CREDIT PRIVATE LIMITED,exact,100.0
INE814V,Sunworld Solar Power Private Limited,SUNWORLD SOLAR POWER PRIVATE LIMITED,exact,100.0
INE815R,Damji Shamji Realty Private Limited,DAMJI SHAMJI REALTY PRIVATE LIMITED,exact,100.0
INE820K,Jhabua Power Limited,JHABUA POWER LIMITED,exact,100.0
INE822V,Biaora to Dewas Highway Private Limited,BIAORA TO DEWAS HIGHWAY PRIVATE LIMITED,exact,100.0
INE823G,J.K.Cement Limited,J. K. CEMENT LIMITED.,exact,100.0
INE827R,Mytrah Vayu (Indravati) Private Limited,MYTRAH VAYU (INDRAVATI) PRIVATE LIMITED,exact,100.0
INE828Y,HMS Real Estate Private Limited,HMS REAL ESTATE PRIVATE LIMITED,exact,100.0
INE829X,Western Transmission (Gujarat) Limited,WESTERN TRANSMISSION (GUJARAT) LIMITED,exact,100.0
INE830X,Amplus KN Solar Private Limited,AMPLUS KN SOLAR PRIVATE LIMITED,exact,100.0
INE831R,Aditya Birla Housing Finance Limited,ADITYA BIRLA HOUSING FINANCE LIMITED,exact,100.0
INE831X,Amplus Solar Power MH Private Limited,AMPLUS SOLAR POWER MH PRIVATE LIMITED,exact,100.0
INE832X,Amplus Coastal Power Private Limited,AMPLUS COASTAL POWER PRIVATE LIMITED,exact,100.0
INE833O,R K M Powergen Private Limited,R. K. M POWERGEN PRIVATE LIMITED,exact,100.0
INE833X,Amplus Andhra Power Private Limited,AMPLUS ANDHRA POWER PRIVATE LIMITED,exact,100.0
INE834U,Casablanca Industries Private Limited,CASABLANCA INDUSTRIES PRIVATE LIMITED,exact,100.0
INE834X,Amplus RJ Solar Private Limited,AMPLUS RJ SOLAR PRIVATE LIMITED,exact,100.0
INE835H,Mahua Bharatpur Expressways Limited(erstwhile Madhucon Agra-Jaipur Expressways Limited),MAHUA BHARATPUR EXPRESSWAYS LIMITED,exact,100.0
INE835I,Demuric Holdings Private Limited,DEMURIC HOLDINGS PVT LTD,exact,100.0
INE835X,Amplus Green Power Private Limited,AMPLUS GREEN POWER PRIVATE LIMITED,exact,100.0
INE835Z,Belgaum Renewable Energy Private Limited,BELGAUM RENEWABLE ENERGY PRIVATE LIMITED,exact,100.0
INE836B,Satin Creditcare Network Limited,SATIN CREDITCARE NETWORK LIMITED,exact,100.0
INE836K,Edel Finance Company Limited,EDEL FINANCE COMPANY LIMITED,exact,100.0
INE836P,DDE Renewable Energy Private Limited,DDE RENEWABLE ENERGY PRIVATE LIMITED,exact,100.0
INE838A,Apollo Green Energy Limited,APOLLO GREEN ENERGY LIMITED,exact,100.0
INE840V,Talettutayi Solar Projects One Pvt Ltd,TALETTUTAYI SOLAR PROJECTS ONE PRIVATE LIMITED,exact,100.0
INE841V,TALETTUTAYI SOLAR PROJECTS FOUR PRIVATE LIMITED,TALETTUTAYI SOLAR PROJECTS FOUR PRIVATE LIMITED,exact,100.0
INE847E,Andhra Pradesh Power Finance Corporation Limited,ANDHRA PRADESH POWER FINANCE CORPORATION LTD,exact,100.0
INE848E,NHPC Limited,NHPC LIMITED,exact,100.0
INE849D,ICICI Securities Primary Dealership Limited,ICICI SECURITIES PRIMARY DEALERSHIP LTD,exact,100.0
INE850K,VR Majha Limited,VR MAJHA LIMITED,exact,100.0
INE850M,Northern Arc Capital Limited,NORTHERN ARC CAPITAL LIMITED,exact,100.0
INE850S,CLEANTECH SOLAR ENERGY (INDIA) PRIVATE LIMITED,CLEANTECH SOLAR ENERGY (INDIA) PRIVATE LIMITED,exact,100.0
INE852O,Aptus Value Housing Finance India Limited,APTUS VALUE HOUSING FINANCE INDIA LIMITED,exact,100.0
INE854B,Jayaswal Neco Industries Limited,JAYASWAL NECO INDUSTRIES LIMITED,exact,100.0
INE855W,Eatgood Technologies Private Limited,EATGOOD TECHNOLOGIES PRIVATE LIMITED,exact,100.0
INE857N,Hiraco Renewable Energy Private Limited,HIRACO RENEWABLE ENERGY PRIVATE LIMITED,exact,100.0
INE857Q,Tata Capital Limited,TATA CAPITAL LIMITED,exact,100.0
INE859C,IKF Finance Limited,IKF FINANCE LIMITED,exact,100.0
INE860H,Aditya Birla Capital Limited,ADITYA BIRLA CAPITAL LIMITED,exact,100.0
INE861D,Shalibhadra Finance Limited,SHALIBHADRA FINANCE LIMITED,exact,100.0
INE861G,Food Corporation of India,FOOD CORPORATION OF INDIA,exact,100.0
INE866I,IIFL Finance Limited,IIFL FINANCE LIMITED,exact,100.0
INE868N,THRISSUR EXPRESSWAY LIMITED,THRISSUR EXPRESSWAY LIMITED,exact,100.0
INE870W,Ummeed Housing Finance Private Limited,UMMEED HOUSING FINANCE PRIVATE LIMITED,exact,100.0
INE871D,Infrastructure Leasing & Financial Services Limited,INFRASTRUCTURE LEASING & FINANCIAL SERVICES LTD,exact,100.0
INE873Y,JK PETROENERGY PRIVATE LIMITED,JK PETROENERGY PRIVATE LIMITED,exact,100.0
INE878L,Prayagraj Power Generation Company Limited,PRAYAGRAJ POWER GENERATION COMPANY LIMITED,exact,100.0
INE879V,Athena Bhiwadi Solar Power Private Limited(Formerly ACME Bhiwadi Solar Power Private Limited),ATHENA BHIWADI SOLAR POWER PRIVATE LIMITED,exact,100.0
INE881M,Wakad Realty Private Limited,WAKAD REALTY PRIVATE LIMITED,exact,100.0
INE881O,STARBOARD HOTELS PVT LTD,STARBOARD HOTELS PRIVATE LIMITED,exact,100.0
INE883F,AADHAR HOUSING FINANCE LIMITED,AADHAR HOUSING FINANCE LIMITED,exact,100.0
INE883N,Parag Milk Foods Limited,PARAG MILK FOODS LIMITED,exact,100.0
INE884Q,Midland Microfin Limited,MIDLAND MICROFIN LIMITED,exact,100.0
INE885K,NSL Textiles Limited,NSL TEXTILES LIMITED,exact,100.0
INE885T,Clean Wind Power (Anantapur) Private Limited,CLEAN WIND POWER (ANANTAPUR) PRIVATE LIMITED,exact,100.0
INE888G,Bangalore International Airport Limited,BANGALORE INTERNATIONAL AIRPORT LTD,exact,100.0
INE888K,NSL Sugars Ltd,NSL SUGARS LIMITED,exact,100.0
INE889K,Ascend Telecom Infrastructure Private Limited,ASCEND TELECOM INFRASTRUCTURE PRIVATE LIMITED,exact,100.0
INE891K,Axis Finance Limited,AXIS FINANCE LIMITED,exact,100.0
INE894E,Salem Erode Investments Limited,SALEM ERODE INVESTMENTS LIMITED,exact,100.0
INE894F,Sammaan Capital Limited,SAMMAAN CAPITAL LIMITED,exact,100.0
INE895D,Tata Sons Private Limited,TATA SONS PRIVATE LIMITED,exact,100.0
INE896F,Schoolnet India Limited,SCHOOLNET INDIA LIMITED,exact,100.0
INE896L,IndoStar Capital Finance Limited,INDOSTAR CAPITAL FINANCE LIMITED,exact,100.0
INE897P,Vena Energy Power Resources Pvt Ltd,VENA ENERGY POWER RESOURCES PRIVATE LIMITED,exact,100.0
INE902S,Bestech India Private Limited,BESTECH INDIA PRIVATE LIMITED,exact,100.0
INE905Y,Kotak Infrastructure Debt Fund Limited,KOTAK INFRASTRUCTURE DEBT FUND LIMITED,exact,100.0
INE906B,National Highways Authority of India,NATIONAL HIGHWAYS AUTHORITY OF INDIA,exact,100.0
INE909H,TMF Holdings Limited,TMF HOLDINGS LIMITED,exact,100.0
INE911L,Mahaveer Finance India Limited,MAHAVEER FINANCE (INDIA) LIMITED,exact,100.0
INE912E,SBI Factors Limited,SBI FACTORS LIMITED,exact,100.0
INE915D,Citicorp Finance (India) Limited,CITICORP FINANCE (INDIA) LIMITED,exact,100.0
INE915Y,IL JIN ELECTRONICS (INDIA) PRIVATE LIMITED,IL JIN ELECTRONICS (INDIA) PRIVATE LIMITED,exact,100.0
INE916D,Kotak Mahindra Prime Limited,KOTAK MAHINDRA PRIME LIMITED,exact,100.0
INE916U,Sheela Foam Limited,SHEELA FOAM LIMITED,exact,100.0
INE918K,Nuvama Wealth Finance Limited,NUVAMA WEALTH FINANCE LIMITED,exact,100.0
INE921N,CBC Solar Technologies Private Limited,CBC SOLAR TECHNOLOGIES PRIVATE LIMITED,exact,100.0
INE922K,India Shelter Finance Corporation Limited,INDIA SHELTER FINANCE CORPORATION LIMITED,exact,100.0
INE924K,Adhunik Power & Natural Resources Limited,ADHUNIK POWER & NATURAL RESOURCES LTD,exact,100.0
INE925U,Prayatna Developers Limited,PRAYATNA DEVELOPERS PRIVATE LIMITED,exact,100.0
INE926R,Unifinz Capital India Limited,UNIFINZ CAPITAL INDIA LIMITED,exact,100.0
INE926X,H.G. Infra Engineering Limited,H.G. INFRA ENGINEERING LIMITED,exact,100.0
INE930P,Anupam Rasayan India Limited,ANUPAM RASAYAN INDIA LIMITED,exact,100.0
INE931S,Adani Energy Solutions Limited,ADANI ENERGY SOLUTIONS LIMITED,exact,100.0
INE931T,Shining Sun Power (Telangana) Private Limited,SHINING SUN POWER (TELANGANA) PRIVATE LIMITED,exact,100.0
INE932X,Share India Securities Limited,SHARE INDIA SECURITIES LIMITED,exact,100.0
INE933Z,Mulanur Renewable Energy Limited,MULANUR RENEWABLE ENERGY LIMITED,exact,100.0
INE935V,Vector Green Prayagraj Solar Private Limited  (Formerly RATTANINDIA SOLAR2 PRIVATE LIMITED),VECTOR GREEN PRAYAGRAJ SOLAR PRIVATE LIMITED,exact,100.0
INE936D,Jamnagar Utilities and Power Private Limited,JAMNAGAR UTILITIES & POWER PRIVATE LIMITED,exact,100.0
INE936X,Amrit Cement Limited,AMRIT CEMENT LIMITED,exact,100.0
INE937A,SPML Infra Limited,SPML INFRA LIMITED,exact,100.0
INE939L,Torrent Investments Limited,TORRENT INVESTMENTS LIMITED,exact,100.0
INE939O,Ananth Solar Power Maharashtra Private Limited,ANANTH SOLAR POWER MAHARASHTRA PRIVATE LIMITED,exact,100.0
INE941D,Sikka Ports & Terminals Limited,SIKKA PORTS & TERMINALS LIMITED,exact,100.0
INE944Y,Jorabat Shillong Expressway Limited,JORABAT SHILLONG EXPRESSWAY LIMITED,exact,100.0
INE946W,IndoSpace AS Industrial Park Private Limited,INDOSPACE AS INDUSTRIAL PARK PRIVATE LIMITED,exact,100.0
INE947P,Graceworks Realty and Leisure Private Limited,GRACEWORKS REALTY & LEISURE PRIVATE LIMITED,exact,100.0
INE949L,AU Small Finance Bank Limited,AU SMALL FINANCE BANK LIMITED,exact,100.0
INE950O,Mahindra Rural Housing Finance Limited,MAHINDRA RURAL HOUSING FINANCE LIMITED,exact,100.0
INE951F,Aditya Birla Sun Life Insurance Company Limited,ADITYA BIRLA SUN LIFE INSURANCE COMPANY LIMITED,exact,100.0
INE951S,Vena Energy Patan Power Private Limited,VENA ENERGY PATAN POWER PRIVATE LIMITED,exact,100.0
INE953L,Jana Small Finance Bank Limited,JANA SMALL FINANCE BANK LIMITED,exact,100.0
INE956G,Va Tech Wabag Limited,VA TECH WABAG LIMITED,exact,100.0
INE956L,Moneywise Financial Services Private Limited,MONEYWISE FINANCIAL SERVICES PRIVATE LIMITED,exact,100.0
INE957N,Hero Fincorp Limited,HERO FINCORP LIMITED,exact,100.0
INE959P,Suraksha Realty Limited,SURAKSHA REALTY LIMITED,exact,100.0
INE961L,Apeejay Tea Limited,APEEJAY TEA LIMITED,exact,100.0
INE961W,Arvy Logistics Park Private Limited,ARVY LOGISTICS PARK PRIVATE LIMITED,exact,100.0
INE964H,SEPC Limited,SEPC LIMITED,exact,100.0
INE967Q,Shubham Housing Development Finance Company Limited,SHUBHAM HOUSING DEVELOPMENT FINANCE COMPANY LIMITED,exact,100.0
INE969G,NATIONAL COMMODITIES MANAGEMENT SERVICES LIMITED (formerly National Collateral Management Services Limited),NATIONAL COMMODITIES MANAGEMENT SERVICES LIMITED,exact,100.0
INE971T,TALETTUTAYI SOLAR PROJECTS PRIVATE LIMITED,TALETTUTAYI SOLAR PROJECTS PRIVATE LIMITED,exact,100.0
INE972V,Acme Deoghar Solar Power Private Limited,ACME DEOGHAR SOLAR POWER PRIVATE LIMITED,exact,100.0
INE972W,Warora-Kurnool Transmission Limited,WARORA-KURNOOL TRANSMISSION LIMITED,exact,100.0
INE973V,Athena Hisar Solar Power Private Limited(Formerly ACME Hisar Solar Power Private Limited),ATHENA HISAR SOLAR POWER PRIVATE LIMITED,exact,100.0
INE975F,Kotak Mahindra Investments Limited,KOTAK MAHINDRA INVESTMENTS LIMITED,exact,100.0
INE975G,IL&FS Transportation Networks Limited,IL&FS TRANSPORTATION NETWORKS LIMITED,exact,100.0
INE975R,Flash Electronics (India) Private Limited,FLASH ELECTRONICS (INDIA) PRIVATE LIMITED,exact,100.0
INE976I,Tata Capital Limited,TATA CAPITAL LIMITED,exact,100.0
INE976Y,SHREM AIRPORT HOTELS PRIVATE LIMITED,SHREM AIRPORT HOTELS PRIVATE LIMITED,exact,100.0
INE982N,Hkr Roadways Limited,HKR ROADWAYS LIMITED,exact,100.0
INE982X,Satya MicroCapital Ltd.,SATYA MICROCAPITAL LIMITED,exact,100.0
INE984M,GMR Hospitality and Retail Limited,GMR HOSPITALITY AND RETAIL LIMITED,exact,100.0
INE984V,Athena Karnal Solar Power Private Limited(Formerly ACME Karnal Solar Power Private Limited),ATHENA KARNAL SOLAR POWER PRIVATE LIMITED,exact,100.0
INE984Y,Infraschool Services Tumkur Private Limited,INFRASCHOOL SERVICES TUMKUR PRIVATE LIMITED,exact,100.0
INE985Y,Infraschool Services Korba Private Limited,INFRASCHOOL SERVICES KORBA PRIVATE LIMITED,exact,100.0
INE986T,Magnet Buildtech Private Limited,MAGNET BUILDTECH PRIVATE LIMITED,exact,100.0
INE986V,Atria Wind Power (Savarakundla) Private Limited,ATRIA WIND POWER (SAVARAKUNDLA) PRIVATE LIMITED,exact,100.0
INE986Y,Infraschool Services Kadiri Private Limited,INFRASCHOOL SERVICES KADIRI PRIVATE LIMITED,exact,100.0
INE987Y,Infraschool Services Chintamani Private Limited,INFRASCHOOL SERVICES CHINTAMANI PRIVATE LIMITED,exact,100.0
INE988E,Ramkrishna Casting Solutions Limited,RAMKRISHNA CASTING SOLUTIONS LIMITED,exact,100.0
INE993W,Parasakti Cement Industries Limited,PARASAKTI CEMENT INDUSTRIES LIMITED,exact,100.0
INE994K,Kumar Sinew Developers Private Limited,KUMAR SINEW DEVELOPERS PRIVATE LIMITED,exact,100.0
INE996U,Si Creva Capital Services Private Limited,SI CREVA CAPITAL SERVICES PRIVATE LIMITED,exact,100.0
INE997V,Vector Green Surya Urja Private Limited,VECTOR GREEN SURYA URJA PRIVATE  LIMITED,exact,100.0
INE998V,Vector Green Sunshine Private Limited,VECTOR GREEN SUNSHINE PRIVATE LIMITED,exact,100.0
INE998W,Ikshita Logistics Park Private Limited,IKSHITA LOGISTICS PARK PRIVATE LIMITED,exact,100.0
INE998Y,Berar Finance Limited,BERAR FINANCE LIMITED,exact,100.0
